C_PDB,Structural_class,Flexible_class,Docking_case,Binding_affinity,C_structure_title,C_resolution,C_chain_PR,C_pro_chain,rcsbpdb_C_pro_seq_length,C_pro_seq_length,C_RNA_chain,rcsbpdb_C_RNA_length,C_RNA_seq_length,C_pro_name,C_pro_source_organism,C_RNA_name,C_RNA_source_organism,U_pro_PDB,U_pro_structure_title,U_pro_resolution,supp_U_pro_chain,U_PRO_chain,rcsbpdb_U_pro_seq_length,U_pro_seq_length,U_pro_macromolecule_name,U_pro_source_organism,U_RNA_PDB,U_RNA_structure_title,U_RNA_resolution,U_RNA_chain,rcsbpdb__U_RNA_seq_length,U_RNA_seq_length,U_RNA_macromolecule_name,U_RNA_source_organism
1ASY,A,R,UU,yes,CLASS II AMINOACYL TRANSFER RNA SYNTHETASES: CRYSTAL STRUCTURE OF YEAST ASPARTYL-TRNA SYNTHETASE COMPLEXED WITH TRNA ASP,2.9, A:R,A,490,487,R,75,73,â€ŽS. cerevisiae aspartyl-tRNA synthetase,Saccharomyces cerevisiae,tRNA-Asp,,1EOV,FREE ASPARTYL-TRNA SYNTHETASE (ASPRS) (E.C. 6.1.1.12) FROM YEAST,2.3,A,A,487,487,ASPARTYL-TRNA SYNTHETASE,Saccharomyces cerevisiae,2TRA,RESTRAINED REFINEMENT OF TWO CRYSTALLINE FORMS OF YEAST ASPARTIC ACID AND PHENYLALANINE TRANSFER RNA CRYSTALS,3,A,75,73,TRNAASP,Saccharomyces cerevisiae
1B23,A,F,UU,no,E. coli cysteinyl-tRNA and T. aquaticus elongation factor EF-TU:GTP ternary complex,2.6, P:R,P,405,397,R,74,74,T. aquaticus  EF-TU,Thermus aquaticus,E.  coli  tRNA-Cys,Escherichia coli,1TUI,INTACT ELONGATION FACTOR TU IN COMPLEX WITH GDP,2.7,A,A,405,397,ELONGATION FACTOR TU,Thermus aquaticus,1U0B*,Crystal structure of cysteinyl-tRNA synthetase binary complex with tRNACys,2.3,A,74,74,cysteinyl tRNA,Escherichia coli
1C0A,A,S,UU,no,CRYSTAL STRUCTURE OF THE E. COLI ASPARTYL-TRNA SYNTHETASE : TRNAASP : ASPARTYL-ADENYLATE COMPLEX,2.4, A:B,A,585,585,B,77,71,E. coli aspartyl-tRNA  synthetase,Escherichia coli,tRNA-Asp,Escherichia coli,1EQR,CRYSTAL STRUCTURE OF FREE ASPARTYL-TRNA SYNTHETASE FROM ESCHERICHIA COLI,2.7,A,A,590,585,ASPARTYL-TRNA SYNTHETASE,Escherichia coli,1EFW*,Crystal structure of aspartyl-tRNA synthetase from Thermus thermophilus complexed to tRNAasp from Escherichia coli,3,C,73,71,ASPARTYL-TRNA,Escherichia coli
1QTQ,A,S,UU,yes,GLUTAMINYL-TRNA SYNTHETASE COMPLEXED WITH TRNA AND AN AMINO ACID ANALOG,2.25, A:B,A,553,523,B,75,72,E. coli glutaminyl-tRNA synthetase,Escherichia coli,tRNA-Gln,Escherichia coli,1NYL,Unliganded glutaminyl-tRNA synthetase,2.6,A,A,539,523,Glutaminyl-tRNA synthetase,Escherichia coli,3KNH*,4V7L_The structures of viomycin bound to the 70S ribosome.,3,Y,75,72,tRNA-Gln,Escherichia coli DH1
2BTE,A,R,UU,no,Thermus thermophilus Leucyl-tRNA synthetase complexed with a tRNAleu transcript in the post-editing conformation and a post- transfer editing substrate analogue,2.9, A:B,A,878,811,B,83,33,T. thermophilus leucyl-tRNA synthetase,Thermus thermophilus,tRNA-Leu,Thermus thermophilus,1OBC,LEUCYL-TRNA SYNTHETASE FROM THERMUS THERMOPHILUS COMPLEXED WITH A POST-TRANSFER EDITING SUBSTRATE ANALOGUE,2.1,A,A,878,811,LEUCYL-TRNA SYNTHETASE,Thermus thermophilus HB27,2NQP*,Crystal structure of pseudoudirinde synthase TruA in complex with leucyl tRNA,3.5,F,87,35,transfer RNA,
2DRB,A,S,UU,yes,Complex structure of CCA-adding enzyme with tRNAminiCCA,2.8, A:B,A,437,429,B,35,30,A. fulgidus CCA-adding enzyme,Archaeoglobus fulgidus,tRNAmini  CCA,,1UET,Divergent evolutions of trinucleotide polymerization revealed by an archaeal CCA-adding enzyme structure,2,A,A,437,429,tRNA nucleotidyltransferase,Archaeoglobus fulgidus,3Q1Q*,Structure of a Bacterial Ribonuclease P Holoenzyme in Complex with tRNA,3.8,C,86,30,TRNA (PHE),
2FMT,A,R,UU,yes,METHIONYL-TRNAFMET FORMYLTRANSFERASE COMPLEXED WITH FORMYL-METHIONYL-TRNAFMET,2.8, A:C,A,314,308,C,77,77,E. coli methionyl-tRNAfmet  transformylase,Escherichia coli,tRNA-fmet,synthetic construct,1FMT,METHIONYL-TRNAFMET FORMYLTRANSFERASE FROM ESCHERICHIA COLI,2,A,A,314,308,METHIONYL-TRNA FMET FORMYLTRANSFERASE,Escherichia coli,3CW6,E. coli Initiator tRNA,3.3,A,77,77,Initiator tRNA,Escherichia coli
2ZZM,A,F,UU,no,The complex structure of aTrm5 and tRNALeu,2.65, A:B,A,336,321,B,88,61,M. jannaschii tRNA (guanine(37)-N1)-methyltransferase Trm5b,Methanocaldococcus jannaschii,tRNA-Leu,,2YX1,Crystal structure of M.jannaschii tRNA m1G37 methyltransferase,2.2,A,A,336,321,Hypothetical protein MJ0883,Methanocaldococcus jannaschii,1WZ2*,The crystal structure of Leucyl-tRNA synthetase and tRNA(leucine) complex,3.21,C,88,67,tRNA,
3HL2,A,R,UU,yes,The crystal structure of the human SepSecS-tRNASec complex,2.81,  AA'BB':E,AEKM,501+501,429+429+429+429,I,90,69,H. sapiens selenium  transferase,Homo sapiens,tRNA-Sec,Homo sapiens,3BC8,Crystal structure of mouse selenocysteine synthase,1.65,AA'A''A''',ADGJ,450,429+429+429+429,O-phosphoseryl-tRNA(Sec) selenium transferase,Mus musculus,3RG5,Crystal Structure of Mouse tRNA(Sec),2,A,86,67,tRNA(Sec),Mus musculus
3VJR,A,R,UU,no,Crystal structure of Peptidyl-tRNA hydrolase from Escherichia coli in complex with the CCA-acceptor-T[PSI]C domain of tRNA,2.4, A:B,A,197,193,B,36,19,E. coli peptidyl-tRNA  hydrolase,Escherichia coli K-12,tRNA  CCA-acceptor,,2PTH,PEPTIDYL-TRNA HYDROLASE FROM ESCHERICHIA COLI,1.2,A,A,193,193,PEPTIDYL-TRNA HYDROLASE,Escherichia coli K-12,1NJM*,The crystal structure of the 50S Large ribosomal subunit from Deinococcus radiodurans complexed with a tRNA acceptor stem mimic (ASM) and the antibiotic sparsomycin,3.6,5,35,19,tRNA acceptor stem mimic,
5X6B,A,R,UU,yes,Crystal structure of SepCysE-SepCysS in complex with tRNACys from Methanocaldococcus jannaschii,2.596,  IJEF:P,IJEF,417+417+216+216,362+364+68+68,P,75,70,M. jannaschii SepCysE-SepCysS,Methanocaldococcus jannaschii DSM 2661,tRNA-Cys,Methanocaldococcus jannaschii DSM 2661,3WKR,Crystal structure of the SepCysS-SepCysE complex from Methanocaldococcus jannaschii,2.803,ABCD,ABCD,416+416+216+216,362+364+68+68,O-phospho-L-seryl-tRNA:Cys-tRNA synthase,Methanocaldococcus jannaschii DSM 2661,2ZZN,The complex structure of aTrm5 and tRNACys,2.95,C,75,70,RNA (71-MER),
6LVR,A,F,UU,yes,Crystal structure of the PPR domain of Arabidopsis thaliana protein-only RNase P 1 (PRORP1) in complex with tRNA,2.85, C:D,C,208,188,D,76,72,A. thaliana  PRORP1,Arabidopsis thaliana,yeast  tRNA-Phe,Saccharomyces cerevisiae,4G24,Crystal Structure of proteinaceous RNase P 1 (PRORP1) from A. thaliana with Mn,1.95,A,A,501,188,"Pentatricopeptide repeat-containing protein At2g32230, mitochondrial",Arabidopsis thaliana,1I9V,CRYSTAL STRUCTURE ANALYSIS OF A TRNA-NEOMYCIN COMPLEX,2.6,A,76,72,PHENYLALANINE TRANSFER RNA,Saccharomyces cerevisiae
7YSE,A,F,UU,no,Crystal structure of E. coli heterotetrameric GlyRS in complex with tRNA,2.907,  AC:E,AC,303+697,298+522,E,76,40,E. coli  Glycine--tRNA,Escherichia coli K-12,tRNA-Gly,Escherichia coli,7EIV,heterotetrameric glycyl-tRNA synthetase from Escherichia coli,2.68,AC,AC,303+583,298+522,Glycine--tRNA ligase alpha subunit+beta subunit,Escherichia coli K-12,7F36*,TacT complexed with acetyl-glycyl-tRNAGly,3.098,E,76,40,RNA (76-MER),Escherichia coli
1DFU,B,F,UU,yes,CRYSTAL STRUCTURE OF E.COLI RIBOSOMAL PROTEIN L25 COMPLEXED WITH A 5S RRNA FRAGMENT AT 1.8 A RESOLUTION,1.8,  P:MN,P,94,94,MN,19+19,19+19,E. coli ribosomal  protein L25,Escherichia coli,5s  rRNA,,1B75,SOLUTION STRUCTURE OF RIBOSOMAL PROTEIN L25 FROM ESCHERICHIA COLI,NMR,A,A,94,94,PROTEIN (50S RIBOSOMAL PROTEIN L25),Escherichia coli,364D,3.0 A STRUCTURE OF FRAGMENT I FROM E. COLI 5S RRNA,3,CB,19+31,15+23,RNA (5'-R(*CP*CP*GP*AP*UP*GP*GP*UP*AP*GP*UP*GP*UP*GP*GP*GP*G *UP*C)-3')+RNA (5'-R(*CP*CP*CP*CP*AP*UP*GP*CP*GP*AP*GP*AP*GP*UP*AP*GP*G P*GP*AP*AP*CP*UP*GP*CP*CP*AP*GP*GP*CP*AP*U)-3'),Escherichia coli
1FEU,B,S,UU,no,"CRYSTAL STRUCTURE OF RIBOSOMAL PROTEIN TL5, ONE OF THE CTC FAMILY PROTEINS, COMPLEXED WITH A FRAGMENT OF 5S RRNA.",2.3,  A:BC,A,206,177,BC,19+21,18+21,T. thermophilus ribosomal protein L5,Thermus thermophilus,5s  rRNA,,2J01,"4V51_BZ_Structure of the Thermus thermophilus 70S ribosome complexed with mRNA, tRNA and paromomycin",2.8,Z,Z,206,177,50S RIBOSOMAL PROTEIN L25,Thermus thermophilus HB8,364D,3.0 A STRUCTURE OF FRAGMENT I FROM E. COLI 5S RRNA,4,BC,31+19,19+20,RNA (5'-R(*CP*CP*CP*CP*AP*UP*GP*CP*GP*AP*GP*AP*GP*UP*AP*GP*G P*GP*AP*AP*CP*UP*GP*CP*CP*AP*GP*GP*CP*AP*U)-3')+RNA (5'-R(*CP*CP*GP*AP*UP*GP*GP*UP*AP*GP*UP*GP*UP*GP*GP*GP*G *UP*C)-3'),Escherichia coli
1MMS,B,F,UU,yes,Crystal structure of the ribosomal PROTEIN L11-RNA complex,2.57, A:C,A,140,133,C,58,52,T. maritima ribosomal protein L11,Thermotoga maritima,23S  rRNA fragment,,2K3F,Ribosomal protein L11 from Thermotoga maritima,NMR,A,A,141,133,50S ribosomal protein L11,Thermotoga maritima,3I9C*,4V6G_Initiation complex of 70S ribosome with two tRNAs and Mrna.,3.5,A,1517,52,16S RRNA (E.COLI NUMBERING),Thermus thermophilus HB8
3IEV,B,R,UU,yes,Crystal Structure of ERA in Complex with MgGNP and the 3' End of 16S rRNA,1.9, A:D,A,308,300,D,12,11,A. aeolicus GTPase era,Aquifex aeolicus,16S  rRNA,,7C1O,Crystal structure of Aquifex aeolicus Era Y63A bound to GDP.AlF4-,2.18,A,A,308,300,GTPase Era,Aquifex aeolicus VF5,1SDR,CRYSTAL STRUCTURE OF AN RNA DODECAMER CONTAINING THE ESCHERICHIA COLI SHINE-DALGARNO SEQUENCE,2.6,BC,12+12,11,RNA (5'-R(*AP*UP*CP*AP*CP*CP*UP*CP*CP*UP*UP*A)-3')+RNA (5'-R(*UP*AP*AP*GP*GP*AP*GP*GP*UP*GP*AP*U)-3'),
1OOA,C,F,UU,yes,CRYSTAL STRUCTURE OF NF-kB(p50)2 COMPLEXED TO A HIGH-AFFINITY RNA APTAMER,2.45, A:C,A,326,312,C,29,27,M. musculus NF-kappaB  p50,Mus musculus,aptamer  RNA,,1LE5,Crystal structure of a NF-kB heterodimer bound to an IFNb-kB,2.75,B,B,313,312,Nuclear factor NF-kappa-B p50 subunit,Mus musculus,2JWV*,Structure of a high affinity anti-NFkB RNA aptamer,NMR,A,29,27,RNA (29-MER),
1R3E,C,F,UU,no,Crystal Structure of tRNA Pseudouridine Synthase TruB and Its RNA Complex: RNA-protein Recognition Through a Combination of Rigid Docking and Induced Fit,2.1, A:C,A,309,304,C,17,17,T. maritime pseudouridine  synthase TruB,Thermotoga maritima,tRNA  fragment,,1ZE1,Conformational Change of Pseudouridine 55 Synthase upon Its Association with RNA Substrate,2.9,A,A,309,304,tRNA pseudouridine synthase B,Thermotoga maritima,1EHZ,The crystal structure of yeast phenylalanine tRNA at 1.93 A resolution,1.93,A,76,17,TRANSFER RNA (PHE),Saccharomyces cerevisiae
2R8S,C,S,UU,yes,High resolution structure of a specific synthetic FAB bound to P4-P6 RNA ribozyme domain,1.95,  LH:R,LH,214+214,206+207,R,159,158,M. musculus synthetic  FAB,Mus musculus,ribozyme,,2HFF,Crystal structure of CB2 Fab,1.95,AB,HL,214+232,207+206,CB2 Fab light chain +heavy chain,Homo sapiens,1HR2,CRYSTAL STRUCTURE ANALYSIS OF A MUTANT P4-P6 DOMAIN (DELC209) OF TETRAHYMENA THEMOPHILA GROUP I INTRON.,2.25,A,158,158,P4-P6 DELC209 MUTANT RNA RIBOZYME DOMAIN,
3SNP,C,F,UU,yes,Crystal structure analysis of iron regulatory protein 1 in complex with ferritin H IRE RNA,2.8, A:C,A,908,841,C,30,30,O. cuniculus iron regulatory protein 1,Oryctolagus cuniculus,ferritin  H IRE RNA,,2B3Y,Structure of a monoclinic crystal form of human cytosolic aconitase (IRP1),1.85,A,A,888,841,Iron-responsive element binding protein 1,Homo sapiens,1AQO*,"IRON RESPONSIVE ELEMENT RNA HAIRPIN, NMR, 15 STRUCTURES",NMR,A,29,20,IRON RESPONSIVE ELEMENT RNA HAIRPIN,
2OZB,C,S,UU,yes,Structure of a human Prp31-15.5K-U4 snRNA complex,2.6,  AB:C,AB,130+260,126+239,C,33,33,H. sapiens  Ribonucleoprotein,Homo sapiens,U4snRNA,,2JNB,Solution Structure of RNA-binding protein 15.5K,NMR,A,A,144,126,NHP2-like protein 1,Homo sapiens,2XEB,NMR STRUCTURE OF THE PROTEIN-UNBOUND SPLICEOSOMAL U4 SNRNA 5' STEM LOOP,NMR,A,19,18,5'-R(P*GP*AP*UP*CP*GP*UP*AP*GP*CP*CP*AP*AP*UP*GP*AP* GP*GP*UP*U)-3',Homo sapiens
7P0V,C,S,UU,yes,Crystal structure of human SF3A1 ubiquitin-like domain in complex with U1 snRNA stem-loop 4,1.56, A:B,A,93,90,B,24,24,H. sapiens SF3A1 ubiquitin-like domain,Homo sapiens,U1  snRNA SL-4,Homo sapiens,7P08,Solution structure of the human SF3A1 ubiquitin-like domain,NMR,A,A,93,90,Isoform 1 of Splicing factor 3A subunit 1,Homo sapiens,8ID2*,Crystal structure of the ubiquitin-like domain in the SF3A1 subunit of human U2 snRNP complexed with the stem-loop 4 of U1 snRNA,1.8,C,24,24,RNA (5'-R(*GP*GP*GP*GP*AP*CP*UP*GP*CP*GP*UP*UP*CP*GP*CP*GP*CP*UP*UP*UP*CP*CP*CP*C)-3'),Homo sapiens
1JBS,D,R,UU,yes,Crystal structure of ribotoxin restrictocin and a 29-mer SRD RNA analog,1.97, A:C,A,149,142,C,29,24,A. restrictus restrictocin,Aspergillus restrictus,SRD  RNA analogue,,1AQZ,"CRYSTAL STRUCTURE OF A HIGHLY SPECIFIC ASPERGILLUS RIBOTOXIN, RESTRICTOCIN",1.7,A,A,149,142,RESTRICTOCIN,Aspergillus restrictus,1Q9A,Crystal structure of the sarcin/ricin domain from E.coli 23S rRNA at 1.04 resolution,1.04,A,27,24,Sarcin/ricin 23S rRNA,
1WSU,D,R,UU,yes,C-terminal domain of elongation factor selB complexed with SECIS RNA,2.3, A:E,A,124,124,E,23,14,M. thermoacetica elongation factor Sel B,Moorella thermoacetica,SECIS  RNA,,1LVA,Crystal structure of a C-terminal fragment of Moorella thermoacetica elongation factor SelB,2.12,A,A,258,124,Selenocysteine-specific elongation factor,Moorella thermoacetica,2RLU,The Three Dimensional Structure of the Moorella thermoacetica Selenocysteine Insertion Sequence RNA Hairpin and its Interaction with the Elongation factor SelB,NMR,A,19,14,RNA (5'-R(*GP*GP*UP*UP*GP*CP*GP*GP*GP*UP*CP*UP*CP*GP*CP*AP*AP*CP*C)-3'),
1ZBH,D,R,UU,no,3'-end specific recognition of histone mRNA stem-loop by 3'-exonuclease,3,  AD:E,AD,299,224+224,E,20,14,H. sapiens exonuclease  ERI1,Homo sapiens,histone  mRNA,,1ZBU,crystal structure of full-length 3'-exonuclease,2.998,AD,AD,349+349,224+224,3'-5' exonuclease ERI1,Homo sapiens,1JU7,NMR Solution Structure of the RNA Hairpin Binding Site for the Histone Stem-loop Binding Protein,NMR,A,28,14,5'-R(*GP*GP*CP*CP*AP*AP*AP*GP*GP*CP*CP*CP*UP*UP*UP*UP*CP*AP*GP*GP*GP*CP*CP*AP*CP*CP*CP*A)-3',
2BH2,D,R,UU,no,Crystal Structure of E. coli 5-methyluridine methyltransferase RumA in complex with ribosomal RNA substrate and S-adenosylhomocysteine.,2.15, A:C,A,433,418,C,37,30,E. coli methyltransferase  Rum A,Escherichia coli,23S  rRNA,Escherichia coli,1UWV,"Crystal Structure of RumA, the iron-sulfur cluster containing E. coli 23S Ribosomal RNA 5-Methyluridine Methyltransferase",1.95,A,A,433,418,23S RRNA (URACIL-5-)-METHYLTRANSFERASE RUMA,Escherichia coli K-12,1JZX*,Structural Basis for the Interaction of Antibiotics with the Peptidyl Transferase Center in Eubacteria,3.1,A,2880,30,23S rRNA,Deinococcus radiodurans
1F7U,A,S,UB,no,CRYSTAL STRUCTURE OF THE ARGINYL-TRNA SYNTHETASE COMPLEXED WITH THE TRNA(ARG) AND L-ARG,2.2, A:B,A,607,603,B,76,75,S. cerevisiae arginyl-tRNA synthetase,Saccharomyces cerevisiae,tRNA-Arg,,1BS2,YEAST ARGINYL-TRNA SYNTHETASE,2.75,A,A,607,603,PROTEIN (ARGINYL-TRNA SYNTHETASE),Saccharomyces cerevisiae,,,,,,,,
1H3E,A,F,UB,no,Tyrosyl-tRNA synthetase from Thermus thermophilus complexed with wild-type tRNAtyr(GUA) and with ATP and tyrosinol,2.9,  AA':B,AD,432,402+405,G,86,72,T. thermophilus tyrosyl-tRNA synthetase,Thermus thermophilus HB27,tRNA-Tyr,Thermus thermophilus,1H3F,Tyrosyl-tRNA synthetase from Thermus thermophilus complexed with tyrosinol,2,AB,AB,432+432,402+405,TYROSYL-TRNA SYNTHETASE,Thermus thermophilus HB27,,,,,,,,
1H4S,A,R,UB,no,Prolyl-tRNA synthetase from Thermus thermophilus complexed with tRNApro(CGG) and a prolyl-adenylate analogue,2.85,  AB:T,AB,477+477,464+464,T,77,66,T. thermophilus prolyl-tRNA synthetase,Thermus thermophilus,tRNA-Pro,Thermus thermophilus,1HC7,Prolyl-tRNA synthetase from Thermus thermophilus,2.43,AB,AB,477+477,464+464,PROLYL-TRNA SYNTHETASE,Thermus thermophilus,,,,,,,,
1J1U,A,R,UB,no,Crystal structure of archaeal tyrosyl-tRNA synthetase complexed with tRNA(Tyr) and L-tyrosine,1.95,  AA':B,AC,306,290+284,EI,77,74+74,M. jannaschii tyrosyl-tRNA synthetase,Methanocaldococcus jannaschii,tRNA-Tyr,,1U7D,crystal structure of apo M. jannashii tyrosyl-tRNA synthetase,2.65,AB,AB,306+306,291+283,Tyrosyl-tRNA synthetase,Methanocaldococcus jannaschii,,,,,,,,
1N78,A,R,UB,no,Crystal structure of Thermus thermophilus glutamyl-tRNA synthetase complexed with tRNA(Glu) and glutamol-AMP.,2.1, A:C,A,468,468,C,75,74,T. thermophilus glutamyl-tRNA synthetase,Thermus thermophilus,tRNA-Glu,,1J09,Crystal structure of Thermus thermophilus glutamyl-tRNA synthetase complexed with ATP and Glu,1.8,A,A,468,468,Glutamyl-tRNA synthetase,Thermus thermophilus,,,,,,,,
1QF6,A,R,UB,no,STRUCTURE OF E. COLI THREONYL-TRNA SYNTHETASE COMPLEXED WITH ITS COGNATE TRNA,2.9, A:B,A,642,401,B,76,75,E. coli  threonyl-tRNA synthetase,Escherichia coli,tRNA-Thr,Escherichia coli,1EVL,CRYSTAL STRUCTURE OF A TRUNCATED FORM OF THREONYL-TRNA SYNTHETASE WITH A THREONYL ADENYLATE ANALOG,1.55,A,A,401,401,THREONYL-TRNA SYNTHETASE,Escherichia coli,,,,,,,,
1SER,A,S,UB,no,THE 2.9 ANGSTROMS CRYSTAL STRUCTURE OF T. THERMOPHILUS SERYL-TRNA SYNTHETASE COMPLEXED WITH TRNA SER,2.9,  AB:T,AB,421+421,372+421,T,94,56,T. thermophilus seryl-tRNA synthetase,Thermus thermophilus,tRNA-Ser,Thermus thermophilus,1SES,CRYSTAL STRUCTURES AT 2.5 ANGSTROMS RESOLUTION OF SERYL-TRNA SYNTHETASE COMPLEXED WITH TWO DIFFERENT ANALOGUES OF SERYL-ADENYLATE,2.5,AB,AB,421+421,372+421,SERYL-tRNA SYNTHETASE,Thermus thermophilus,,,,,,,,
1U0B,A,R,UB,yes,Crystal structure of cysteinyl-tRNA synthetase binary complex with tRNACys,2.3, B:A,B,461,369,A,74,74,E. coli cysteinyl-tRNA synthetase,Escherichia coli,tRNA-Cys,Escherichia coli,1LI5,Crystal Structure of Cysteinyl-tRNA Synthetase,2.3,B,B,461,369,CYSTEINYL-TRNA SYNTHETASE,Escherichia coli,,,,,,,,
1VFG,A,R,UB,no,Crystal structure of tRNA nucleotidyltransferase complexed with a primer tRNA and an incoming ATP analog,2.8, B:D,B,390,338,D,75,34,A. aeolicus CCA-adding  enzyme,Aquifex aeolicus,tRNA,,4WBY,tRNA-processing enzyme (apo form I),1.5,A,A,410,338,Poly A polymerase,Aquifex aeolicus VF5,,,,,,,,
2AZX,A,R,UB,no,Charged and uncharged tRNAs adopt distinct conformations when complexed with human tryptophanyl-tRNA synthetase,2.8,  AA':C,AF,477,377+353,L,75,72,H. sapiens tryptophanyl-tRNA synthetase,Homo sapiens,tRNA-Trp,,1R6U,Crystal structure of an active fragment of human tryptophanyl-tRNA synthetase with cytokine activity,2,AB,AB,437+437,377+353,Tryptophanyl-tRNA synthetase,Homo sapiens,,,,,,,,
2FK6,A,R,UB,no,Crystal Structure of RNAse Z/tRNA(Thr) complex,2.9, A:R,A,320,264,R,79,53,B.  subtilis RNase  Z,Bacillus subtilis,tRNA-Thr,,1Y44,Crystal structure of RNase Z,2.1,A,A,320,264,Ribonuclease Z,Bacillus subtilis,,,,,,,,
3ADB,A,F,UB,yes,Crystal structure of O-phosphoseryl-tRNA kinase complexed with selenocysteine tRNA and AMPPNP (crystal type 1),2.8, A:C,A,259,231,C,92,79,M. jannaschii O-phosphoseryl-tRNA kinase,Methanocaldococcus jannaschii DSM 2661,tRNA-Sec,Methanopyrus kandleri,3A4M,Crystal structure of archaeal O-phosphoseryl-tRNA(Sec) kinase,1.792,A,A,260,231,L-seryl-tRNA(Sec) kinase,Methanocaldococcus jannaschii,,,,,,,,
3AMT,A,R,UB,no,Crystal structure of the TiaS-tRNA(Ile2)-ATP complex,2.9, A:B,A,440,346,B,78,78,A. fulgidus agmatinylcytidine  synthetase TiaS,Archaeoglobus fulgidus,tRNA-Ile,Archaeoglobus fulgidus,3AU7,Crystal structure of the ZRD-deleted mutant of TiaS in complex with agmatine,2.6,A,A,402,346,Putative uncharacterized protein,Archaeoglobus fulgidus,,,,,,,,
4YCP,A,F,UB,no,E. coli dihydrouridine synthase C (DusC) in complex with tRNATrp,2.55, A:B,A,321,307,B,76,62,E. coli tRNA-dihydrouridine  synthase C,Escherichia coli K-12,tRNA-Trp,Escherichia coli K-12,4BFA,Crystal structure of E. coli dihydrouridine synthase C (DusC),1.65,A,A,338,307,TRNA-DIHYDROURIDINE SYNTHASE C,Escherichia coli K-12,,,,,,,,
4YVJ,A,R,UB,yes,Crystal Structure of H. influenzae TrmD in complex with sinefungin and tRNA variant (G36U),2.9,  AB:C,AB,266+266,236+238,C,74,71,H. influenzae tRNA methyltransferase D,Haemophilus influenzae Rd KW20,tRNA,Thermotoga maritima MSB8,3AXZ,Crystal structure of Haemophilus influenzae TrmD in complex with adenosine,2.25,AA',AB,266,236+238,tRNA (guanine-N(1)-)-methyltransferase,Haemophilus influenzae Rd KW20,,,,,,,,
5HR7,A,R,UB,no,X-ray crystal structure of C118A RlmN from Escherichia coli with cross-linked in vitro transcribed tRNA,2.4, A:D,A,404,332,D,76,69,E. coli RNA methyltransferase RlmN,Escherichia coli,tRNA-Glu,Escherichia coli,3RFA,X-ray structure of RlmN from Escherichia coli in complex with S-adenosylmethionine,2.05,A,A,404,332,Ribosomal RNA large subunit methyltransferase N,Escherichia coli K-12,,,,,,,,
5B63,A,S,UB,yes,Crystal structures of E.coli arginyl-tRNA synthetase (ArgRS) in complex with substrate tRNA(Arg),3, A:B,A,587,563,B,77,63,E. coli arginyl-tRNA synthetase,Escherichia coli K-12,tRNA-Arg,Geobacillus stearothermophilus 10,5YYM,Crystal structures of E.coli arginyl-trna synthetase (argrs) in complex with substrate Arg,2.2,A,A,586,563,Arginine--tRNA ligase,Escherichia coli K-12,,,,,,,,
5T8Y,A,R,UB,no,Structure of epoxyqueuosine reductase from Bacillus subtilis with the Asp134 catalytic loop swung out of the active site.,2.653, B:X,B,437,372,X,17,5,B. subtilis subsp. epoxyqueuosine reductase,Bacillus subtilis subsp. subtilis str. 168,anticodon  stem loop of tRNA-Tyr,Escherichia coli,5D08,Crystal structure of selenomethionine-labeled epoxyqueuosine reductase,1.747,A,A,437,372,Epoxyqueuosine reductase,Bacillus subtilis subsp. subtilis str. 168,,,,,,,,
5WT1,A,F,UB,no,Pyrococcus abyssi methyltransferase PaTrm5a bound by SAH and cognate tRNA,2.598, A:C,A,333,332,C,76,67,P. abyss Trm5a,Pyrococcus abyssi GE5,tRNA  Phe,Pyrococcus abyssi GE5,5HJI,Crystal Structure of Pyrococcus abyssi Trm5a complexed with adenosine,2.2,A,A,352,332,tRNA (guanine(37)-N1)-methyltransferase Trm5a,Pyrococcus abyssi GE5,,,,,,,,
5ZW4,A,R,UB,no,Crystal structure of tRNA bound TrmR,1.7, A:D,A,225,206,D,17,16,B. subtilis subsp. TrmR,Bacillus subtilis subsp. subtilis str. 168,tRNA  fragment,Bacillus subtilis subsp. subtilis str. 168,5ZW3,Crystal Structure of TrmR from B. subtilis,2.27,A,A,225,206,Putative O-methyltransferase YrrM,Bacillus subtilis subsp. subtilis str. 168,,,,,,,,
7E8O,A,R,UB,yes,Crystal structure of proteinaceous RNase P(PRORP) from Planctomycetes bacterium GWF2_40_8 complexed with Escherichia coli histidine pre-tRNA,2.804,  AB:X,AB,208+208,194+190,X,85,68,P. bacterium PRORP,Planctomycetes bacterium GWF2_40_8,pre-tRNA-His,Escherichia coli,7E8K,Crystal structure of Proteinaceous RNase P (PRORP) from Planctomycetes bacterium GWF2_40_8,2.25,AB,AB,208+208,194+190,RNA-free ribonuclease P,Planctomycetes bacterium GWF2_40_8,,,,,,,,
7K98,A,F,UB,no,Preaminoacylation complex of M. tuberculosis PheRS with cognate precursor tRNA and 5'-O-(N-phenylalanyl)sulfamoyl-adenosine (F-AMS),2.19,  ABDE:CF,ABDE,344+840+344+840,267+831+267+831,C,77,77,M. tuberculosis PheRS,Mycobacterium tuberculosis H37Rv+Mycobacterium tuberculosis H37Rv,tRNA-Phe,Mycobacterium tuberculosis H37Rv,7DAW,Crystal structure of Mycobacterium tuberculosis phenylalanyl-tRNA synthetase,2.83,AA'BB',ABCD,341+845,267+831+267+831,Phenylalanine--tRNA ligase alpha subunit+beta subunit,Mycobacterium tuberculosis H37Rv,,,,,,,,
7MJW,A,S,UB,no,"Methylated MiaB in the complex with 5'-deoxyadenosine, methionine and RNA",1.4, A:M,A,457,440,M,13,12,B. uniformis methylated MiaB,Bacteroides uniformis,tRNA,Bacteroides uniformis,7MJZ,The structure of MiaB with pentasulfide bridge,2.08,A,A,457,440,tRNA-2-methylthio-N(6)-dimethylallyladenosine synthase,Bacteroides uniformis,,,,,,,,
8H1B,A,S,UB,no,Crystal structure of MnmM from S. aureus complexed with SAM and tRNA anti-codon stem loop (ASL) (1.55 A),1.55, A:C,A,195,189,C,17,17,S. aureus rRNA methylase YtqB,Staphylococcus aureus subsp. aureus NCTC 8325,tRNA,Staphylococcus aureus subsp. aureus NCTC 8325,8H1A,Crystal structure of MnmM from S. aureus in apo state (1.44 A),1.44,A,A,195,189,rRNA methylase YtqB,Staphylococcus aureus subsp. aureus NCTC 8325,,,,,,,,
8JOZ,A,R,UB,no,Crystal structure of CmoM from E. coli complexed with sinefungin and cellularly expressed tRNA Ser,2.22, A:B,A,282,243,B,88,79,E. coli CmoM,Escherichia coli K-12,tRNA-Ser,Escherichia coli K-12,4HTF,Crystal structure of S-adenosylmethionine-dependent methyltransferase from Escherichia coli in complex with S-adenosylmethionine.,1.6,A,A,285,243,S-adenosylmethionine-dependent methyltransferase,Escherichia coli O157:H7,,,,,,,,
1G1X,B,R,UB,no,"STRUCTURE OF RIBOSOMAL PROTEINS S15, S6, S18, AND 16S RIBOSOMAL RNA",2.6,  ABC:DE,ABC,98+88+88,96+88+46,DE,41+44,40+44,"T. thermophilus ribosomal proteins S6, S15, S18",Thermus thermophilus,16S  rRNA,,1CQM,PROTEIN AGGREGATION AND ALZHEIMER'S DISEASE: CRYSTALLOGRAPHIC ANALYSIS OF THE PHENOMENON. ENGINEERED VERSION OF THE RIBOSOMAL PROTEIN S6 USED AS A STABLE SCAFFOLD TO STUDY OLIGOMERIZATION.,1.65,A,A,101,96,RIBOSOMAL PROTEIN S6,Thermus thermophilus,,,,,,,,
1SDS,B,R,UB,yes,Structure of protein L7Ae bound to a K-turn derived from an archaeal box H/ACA sRNA,1.8,  C:FF',C,117,112,FG,15+15,15+15,M. jannaschii 50S ribosomal protein L7Ae,Methanocaldococcus jannaschii,box  H/ACA sRNA,,1XBI,High resolution structure of Methanocaldococcus jannaschii L7AE,1.45,A,A,120,112,50S ribosomal protein L7Ae,Methanocaldococcus jannaschii,,,,,,,,
2HW8,B,F,UB,no,Structure of ribosomal protein L1-mRNA complex at 2.1 resolution.,2.1, A:B,A,228,220,B,36,36,T. thermophilus ribosomal protein L1,Thermus thermophilus,mRNA,,1AD2,RIBOSOMAL PROTEIN L1 MUTANT WITH SERINE 179 REPLACED BY CYSTEINE,1.9,A,A,228,220,RIBOSOMAL PROTEIN L1,Thermus thermophilus,,,,,,,,
5WTY,B,S,UB,yes,Structure of Nop9 RNA complex,2.785, A:C,A,587,529,C,18,11,S. cerevisiae nucleolar protein 9,Saccharomyces cerevisiae S288C,18s  rRNA,Saccharomyces cerevisiae,5SVD,"Nop9, a new PUF-like protein, prevents premature pre-rRNA cleavage to correctly process mature 18S rRNA",2.1,B,B,600,529,Nucleolar protein 9,Saccharomyces cerevisiae S288C,,,,,,,,
1MSW,C,F,UB,no,Structural basis for the transition from initiation to elongation transcription in T7 RNA polymerase,2.1, D:R,D,883,773,R,10,10,Phage  T7 RNA polymerase,Escherichia phage T7,RNA  transcript,,1ARO,T7 RNA POLYMERASE COMPLEXED WITH T7 LYSOZYME,2.8,P,P,883,773,T7 RNA POLYMERASE,Escherichia phage T7,,,,,,,,
1N35,C,R,UB,no,lambda3 elongation complex with four phosphodiester bond formed,2.5,  A:BC,A,1267,1256,B,5+10,5+8,Reovirus  polymerase,Mammalian orthoreovirus 3 Dearing,dsRNA,,1MUK,reovirus lambda3 native structure,2.5,A,A,1267,1256,MINOR CORE PROTEIN LAMBDA 3,Reovirus sp.,,,,,,,,
1Q2R,C,S,UB,no,Chemical trapping and crystal structure of a catalytic tRNA guanine transglycosylase covalent intermediate,2.9,  AB:E,AB,386+386,342+336,E,20,19,Z. mobilis guanine  transglycosylase,Zymomonas mobilis,20-mer  tRNA fragment,synthetic construct,1R5Y,"Crystal Structure of TGT in complex with 2,6-Diamino-3H-Quinazolin-4-one Crystallized at PH 5.5",1.2,AA',AC,386,342+336,Queuine tRNA-ribosyltransferase,Zymomonas mobilis,,,,,,,,
1WNE,C,R,UB,no,Foot and Mouth Disease Virus RNA-dependent RNA polymerase in complex with a template-primer RNA,3,  A:BC,A,476,476,BC,8+5,8+5,Foot-and-mouth  disease virus polymerase,Foot-and-mouth disease virus C-S8c1,template-primer  RNA decanucleotide,,1U09,Footand Mouth Disease Virus RNA-dependent RNA polymerase,1.91,A,A,476,476,polyprotein,Foot-and-mouth disease virus C-S8c1,,,,,,,,
1YVP,C,R,UB,yes,Ro autoantigen complexed with RNAs,2.2,  B:EFH,B,538,520,EFH,10+10+10,9+7+7,X. laevis Ro  autoantigen,Xenopus laevis,Y RNA,,1YVR,Ro autoantigen,1.95,A,A,538,520,60-kDa SS-A/Ro ribonucleoprotein,Xenopus laevis,,,,,,,,
1ZBI,C,R,UB,no,Bacillus halodurans RNase H catalytic domain mutant D132N in complex with 12-mer RNA/DNA hybrid,1.85,  A:CD,A,142,132,CD,12+12,12+12,B. halodurans RNase H,Halalkalibacterium halodurans C-125,A form  RNA,,1ZBF,Crystal structure of B. halodurans RNase H catalytic domain mutant D132N,1.5,A,A,142,132,ribonuclease H-related protein,Halalkalibacterium halodurans C-125,,,,,,,,
2AZ0,C,R,UB,yes,Flock House virus B2-dsRNA Complex (P212121),2.6,  AB:CD,AB,73+73,70+71,CD,18+18,18+18,Flock house virus B2,Flock House virus,siRNA,,2B9Z,"Solution structure of FHV B2, a viral suppressor of RNAi",NMR,AB,AB,74+74,70+71,B2 protein,Flock House virus,,,,,,,,
2BGG,C,R,UB,no,The structure of a Piwi protein from Archaeoglobus fulgidus complexed with a 16nt siRNA duplex.,2.2,  A:PQ,A,427,390,PQ,8+8,8+8,A. fulgidus  PIWI,Archaeoglobus fulgidus,siRNA,,1W9H,The Structure of a Piwi protein from Archaeoglobus fulgidus.,1.95,A,A,427,390,HYPOTHETICAL PROTEIN AF1318,Archaeoglobus fulgidus,,,,,,,,
2EZ6,C,R,UB,no,Crystal structure of Aquifex aeolicus RNase III (D44N) complexed with product of double-stranded RNA processing,2.05,  AB:CD,AB,221+221,146+145,CD,28+28,28+28,A. aeolicus RNase  III,Aquifex aeolicus,28-mer  RNA,,1JFZ,Crystal Structure of MN(II)-Complex of RNAse III Endonuclease Domain from Aquifex Aeolicus at 2.10 Angstrom Resolution,2.1,AB,AB,154+154,145+146,RIBONUCLEASE III,Aquifex aeolicus,,,,,,,,
2F8S,C,S,UB,no,Crystal structure of Aa-Ago with externally-bound siRNA,3,  A:CD,A,706,675,CD,22+22,22+22,A. aeolicus argonaute,Aquifex aeolicus,siRNA,,1YVU,Crystal structure of A. aeolicus Argonaute,2.9,A,A,706,675,hypothetical protein aq_1447,Aquifex aeolicus VF5,,,,,,,,
2GJW,C,R,UB,no,RNA Recognition and Cleavage by an Splicing Endonuclease,2.85,  AB:EFH,AB,313+313,244+244,EFH,19+12+7,17+12+7,A. fulgidus splicing  endonuclease,Archaeoglobus fulgidus,bulge-helix-bulge  RNA,,1R0V,Structure Determination of the Dimeric Endonuclease in a Pseudo-face-centerd P21212 space group,2,AB,AB,305+305,244+244,tRNA-intron endonuclease,Archaeoglobus fulgidus DSM 4304,,,,,,,,
2GXB,C,R,UB,no,Crystal Structure of The Za Domain bound to Z-RNA,2.25,  A:EF,A,66,62,EF,7+7,6+6,H. sapiens Z  alpha domain of adenosine deaminase,Homo sapiens,dsRNA,,1QGP,"NMR STRUCTURE OF THE Z-ALPHA DOMAIN OF ADAR1, 15 STRUCTURES",NMR,A,A,77,62,PROTEIN (DOUBLE STRANDED RNA ADENOSINE DEAMINASE),Homo sapiens,,,,,,,,
2QUX,C,R,UB,yes,PP7 coat protein dimer in complex with RNA hairpin,2.44,  AB:C,AB,125+125,123+117,C,25,25,Pseudomonas  phage PP7 coat protein,Pseudomonas phage PP7,hairpin  RNA,,2QUD,PP7 Coat Protein Dimer,1.6,AB,AB,125+125,123+117,Coat protein,Pseudomonas phage PP7,,,,,,,,
2Y8W,C,F,UB,yes,Structure of CRISPR endoribonuclease Cse3 bound to 20 nt RNA,1.8, A:B,A,215,188,B,20,19,T. thermophilus endoribonuclease Cse3,Thermus thermophilus HB8,hairpin  RNA,,1WJ9,Crystal structure of a CRISPR-associated protein from thermus thermophilus,1.9,A,A,211,188,CRISPR-associated protein,Thermus thermophilus,,,,,,,,
2ZKO,C,R,UB,yes,Structural basis for dsRNA recognition by NS1 protein of human influenza virus A,1.7,  AB:CD,AB,73+73,70+69,CD,21+21,21+21,NS1  protein of influenza A,Influenza A virus,A-form  dsRNA,,2Z0A,Crystal structure of RNA-binding domain of NS1 from influenza A virus A/crow/Kyoto/T1/2004(H5N1),1.85,AB,AB,79+79,70+69,Nonstructural protein 1,Influenza A virus,,,,,,,,
3A6P,C,R,UB,yes,Crystal structure of Exportin-5:RanGTP:pre-miRNA complex,2.92,  AC:DE,AC,1204+216,942+170,DE,24+24,22+24,H. sapiens exp-5:Ran GTP,Homo sapiens,pre-microRNA,,5YU6,CRYSTAL STRUCTURE OF EXPORTIN-5:RANGTP COMPLEX,3,AB,AB,1204+216,942+170,Exportin-5,Homo sapiens+Canis lupus familiaris,,,,,,,,
3BSN,C,S,UB,no,Norwalk Virus polymerase bound to 5-nitrocytidine triphosphate and primer-template RNA,1.8,  A:PT,A,510,478,PT,8+9,8+9,Norwalk  virus polymerase,Norwalk virus,synthetic  RNA,,1SH3,Crystal Structure of Norwalk Virus Polymerase (MgSO4 crystal form),2.95,A,A,510,233,RNA Polymerase,Norwalk virus,,,,,,,,
3DD2,C,R,UB,yes,Crystal structure of an RNA aptamer bound to human thrombin,1.9, H:B,H,258,255,B,26,25,H. sapiens thrombin,Homo sapiens,26-mer  RNA,Homo sapiens,1JOU,Crystal Structure of Native S195A Thrombin with an Unoccupied Active Site,1.8,D,D,259,249,"Thrombin, heavy chain",Homo sapiens,,,,,,,,
3EQT,C,R,UB,yes,Crystal structure of human LGP2 C-terminal domain in complex with dsRNA,2,  AB:CD,AB,145+145,117+125,CD,8+8,8+8,H. sapiens helicase  DHX58,Homo sapiens,dsRNA,,2W4R,Crystal structure of the regulatory domain of human LGP2,2.6,AA',AB,142,122+124,PROBABLE ATP-DEPENDENT RNA HELICASE DHX58,Homo sapiens,,,,,,,,
3FTE,C,R,UB,no,Crystal structure of A. aeolicus KsgA in complex with RNA,3,  A:CD,A,249,233,C,22+22,22,A. aeolicus methyltransferase  KsgA,Aquifex aeolicus VF5,rRNA,,3FTD,Crystal structure of A. aeolicus KsgA at 1.44-Angstrom resolution,1.44,A,A,249,68,Dimethyladenosine transferase,Aquifex aeolicus VF5,,,,,,,,
3KS8,C,R,UB,yes,Crystal structure of Reston ebolavirus VP35 RNA binding domain in complex with 18bp dsRNA,2.401,  AB:EF,AB,184+184,122+124,EF,18+18,18+18,R. ebolavirus polymerase cofactor VP35,Reston ebolavirus - Reston,dsRNA,,3KS4,Crystal structure of Reston ebolavirus VP35 RNA binding domain,2.4,AB,AB,184+184,108,Polymerase cofactor VP35,Reston ebolavirus - Reston,,,,,,,,
3MOJ,C,R,UB,yes,Structure of the RNA binding domain of the Bacillus subtilis YxiN protein complexed with a fragment of 23S ribosomal RNA,2.902, B:A,B,76,68,A,74,64,B. subtilis helicase  dbpA,Bacillus subtilis,E.coli 23S  rRNA fragment,Escherichia coli,2G0C,Structure of the RNA binding domain (residues 404-479) of the Bacillus subtilis YxiN protein,1.7,A,A,76,211+208,ATP-dependent RNA helicase dbpA,Bacillus subtilis,,,,,,,,
3O3I,C,S,UB,yes,Crystal Structure of human Hiwi1 PAZ domain (residues 277-399) in complex with 14-mer RNA (12-bp + 2-nt overhang) containing 2'-OH at its 3'-end,2.801, X:A,X,124,108,A,14,14,H. sapiens Hiwi1  PAZ domain,Homo sapiens,piRNA,,2L5C,Solution structures of human PIWI-like 1 PAZ domain,NMR,A,A,134,456,Piwi-like protein 1,Homo sapiens,,,,,,,,
3OIJ,C,S,UB,no,Crystal structure of Saccharomyces Cerevisiae Nep1/Emg1 bound to S-adenosylhomocysteine and 2 molecules of cognate RNA,3,  AB:C,AB,253+253,211+208,C,14,5,S. cerevisiae methyltransferase,Saccharomyces cerevisiae,SSU  rRNA,,3OII,Crystal structure of Saccharomyces Cerevisiae Nep1/Emg1 bound to S-adenosylhomocysteine,1.85,AB,AB,253+253,242,Essential for mitotic growth 1,Saccharomyces cerevisiae,,,,,,,,
3OL6,C,R,UB,no,Poliovirus polymerase elongation complex,2.5,  A:BCD,A,471,456,BCD,26+14+9,18+14+3,Poliovirus  polymerase,Poliovirus 1,synthetic  RNA,,1RA6,Poliovirus Polymerase Full Length Apo Structure,2,A,A,461,456,Genome polyprotein,Human poliovirus 1 Mahoney,,,,,,,,
3RW6,C,F,UB,yes,Structure of nuclear RNA export factor TAP bound to CTE RNA,2.3, A:H,A,267,242,H,62,61,H. sapiens nuclear  RNA export factor 1,Homo sapiens,CTE  RNA,,3RW7,Structure of N-terminal domain of nuclear RNA export factor TAP,3,A,A,267,242,Nuclear RNA export factor 1,Homo sapiens,,,,,,,,
3ZC0,C,R,UB,no,Structure of AfC3PO - duplex RNA complex,2.982,  AA'BB'CC'DD':MM',ABCDEFGH,199+199+199+199+199+199+199+199,189+189+189+189+189+189+189+189,MN,16,15+15,A. fulgidus C3PO,Archaeoglobus fulgidus,duplex  RNA,synthetic construct,3ZC1,Crystal structure of AfC3PO,3.269,ABCDEFGH,ABCDEFGH,199+199+199+199+199+199+199+199,189+189+188+186+188+188+186+186,AFTRAX,Archaeoglobus fulgidus,,,,,,,,
4ERD,C,R,UB,yes,Crystal structure of the C-terminal domain of Tetrahymena telomerase protein p65 in complex with stem IV of telomerase RNA,2.589,  AB:CD,AB,129+129,94+98,CD,22+22,22+22,T. thermophila p65 C-terminal domain,Tetrahymena thermophila,stem  IV of telomerase RNA,Tetrahymena thermophila,4EYT,Crystal structure of the C-terminal domain of Tetrahymena telomerase protein p65,2.5,AB,AB,129+129,94+98,Telomerase associated protein p65,Tetrahymena thermophila,,,,,,,,
4FVU,C,R,UB,no,Structural basis for the dsRNA specificity of the Lassa virus NP exonuclease,2.91,  A:BC,A,243,207,BC,8+8,8+8,Lassa  virus exonuclease,Lassa virus Josiah,dsRNA,synthetic construct,3Q7C,Exonuclease domain of Lassa virus nucleoprotein bound to manganese,1.5,A,A,243,207,Nucleoprotein,Lassa virus Josiah,,,,,,,,
4IG8,C,S,UB,no,Structural basis for cytosolic double-stranded RNA surveillance by human OAS1,2.7,  A:BC,A,349,300,BC,18+18,18+18,H. sapiens oligoadenylate  synthetase 1,Homo sapiens,dsRNA,,1PX5,Crystal structure of the 2'-specific and double-stranded RNA-activated interferon-induced antiviral protein 2'-5'-oligoadenylate synthetase,1.74,A,A,349,300,2'-5'-oligoadenylate synthetase 1,Sus scrofa,,,,,,,,
4ILL,C,R,UB,no,Recognition and Cleavage of a non-structured CRISPR RNA by its Processing Endoribonuclease Cas6,2.484,  AB:RC,AB,289+289,278+278,RC,24+24,19+17,S. solfataricus endoribonuclease Cas6,Saccharolobus solfataricus P2,CRISPR  RNA,,4ILR,Recognition and Cleavage of a non-structured CRISPR RNA by its Processing Endoribonuclease Cas6,3.088,AA',AB,289,278+278,CRISPR-associated endoribonuclease Cas6 2,Saccharolobus solfataricus P2,,,,,,,,
4ZT0,C,F,UB,yes,Crystal structure of catalytically-active Streptococcus pyogenes Cas9 in complex with single-guide RNA at 2.9 Angstrom resolution,2.9, A:B,A,1369,1140,B,85,72,S. pyogenes CRISPR-associated  endonuclease Cas9,Streptococcus pyogenes,single-guide  RNA,Streptococcus pyogenes,4CMP,Crystal structure of S. pyogenes Cas9,2.62,A,A,1372,1140,CRISPR-ASSOCIATED ENDONUCLEASE CAS9/CSN1,Streptococcus pyogenes serotype M1,,,,,,,,
5ED1,C,S,UB,no,Human Adenosine Deaminase Acting on dsRNA (ADAR2) mutant E488Q bound to dsRNA sequence derived from S. cerevisiae BDF2 gene,2.77,  A:BC,A,403,377,BC,23+23,22+23,H. sapiens ADAR2,Homo sapiens,S.  cerevisiae dsRNA,Saccharomyces cerevisiae,1ZY7,Crystal structure of the catalytic domain of an adenosine deaminase that acts on RNA (hADAR2) bound to inositol hexakisphosphate (IHP),1.7,A,A,403,377,"RNA-specific adenosine deaminase B1, isoform DRADA2a",Homo sapiens,,,,,,,,
5F5H,C,R,UB,yes,X-ray structure of Roquin ROQ domain in complex with Ox40 hexa-loop RNA motif,2.23, A:C,A,180,148,C,22,21,M. musculus Roquin-1,Mus musculus,Ox40  3'-UTR,Mus musculus,4QI0,X-ray structure of the ROQ domain from murine Roquin-1,1.94,A,A,180,148,Roquin-1,Mus musculus,,,,,,,,
5WTK,C,F,UB,yes,Crystal structure of RNP complex,2.651, A:B,A,1397,931,B,58,40,L. shahii CRISPR-associated  endoribonuclease C2c2,Leptotrichia shahii DSM 19757,crRNA,Leptotrichia shahii,5WTJ,Crystal structure of an endonuclease,3.503,A,A,1397,931,CRISPR-associated endoribonuclease C2c2,Leptotrichia shahii DSM 19757,,,,,,,,
5ZQ8,C,R,UB,yes,Crystal structure of spRlmCD with U747 stemloop RNA,2.18, A:D,A,454,452,D,12,11,S. pneumoniae RlmCD,Streptococcus pneumoniae TIGR4,23S  rRNA U747 stemloop,Streptococcus pneumoniae TIGR4,5XJ1,Crystal structure of spRlmCD,1.753,A,A,454,452,Uncharacterized RNA methyltransferase SP_1029,Streptococcus pneumoniae TIGR4,,,,,,,,
6D12,C,S,UB,yes,Crystal structure of C-terminal xRRM domain of human Larp7 bound to 7SK stem-loop 4 RNA,2.205, B:C,B,113,89,C,38,38,H. sapiens xRRM domain of human Larp7,Homo sapiens,7SK  stem-loop 4 RNA,Homo sapiens,5KNW,Solution NMR structure of human LARP7 xRRM2,NMR,A,A,125,87,La-related protein 7,Homo sapiens,,,,,,,,
6DCB,C,R,UB,yes,Structure of methylphosphate capping enzyme methyltransferase domain in complex with 5' end of 7SK RNA,1.998, A:B,A,309,201,B,36,36,H. sapiens  methylphosphate capping enzyme,Homo sapiens,5' end  of 7SK RNA,Homo sapiens,5UNA,Fragment of 7SK snRNA methylphosphate capping enzyme,2.55,A,A,292,201,7SK snRNA methylphosphate capping enzyme,Homo sapiens,,,,,,,,
6FQ3,C,S,UB,yes,Crystal structure of Danio rerio Lin41 filamin-NHL domains in complex with lin-29A 5'UTR 13mer RNA,1.901, A:B,A,409,390,B,13,13,D. rerio E3  ubiquitin-protein ligase TRIM71,Caenorhabditis elegans,lin-29A  5'UTR,Danio rerio,6FPT,Crystal structure of Danio rerio Lin41 filamin-NHL domains,2.6,A,A,409,390,E3 ubiquitin-protein ligase TRIM71,Danio rerio,,,,,,,,
6SY4,C,S,UB,yes,TetR in complex with the TetR-binding RNA-aptamer K1,2.695,  AB:C,AB,208+208,187+175,C,43,37,E. coli TetR,Escherichia coli,TetR-binding  aptamer K1,Escherichia coli,3ZQI,Structure of Tetracycline repressor in complex with inducer peptide- TIP2,1.5,AB,AB,208+208,187+175,"TETRACYCLINE REPRESSOR PROTEIN CLASS B FROM TRANSPOSON TN10, TETRACYCLINE REPRESSOR PROTEIN CLASS D",Escherichia coli,,,,,,,,
6PZQ,C,R,UB,yes,Structure of the human respiratory syncytial virus M2-1 protein in complex with a short positive-sense gene-end RNA,2.703,  AB:IJ,AB,194+194,157+155,IJ,7+7,6+7,HRSV  matrix M2-1,Human respiratory syncytial virus A2,Gene-End  RNA,Human respiratory syncytial virus A2,6G0Y,X-ray structure of M-21 protein complex,2.42,AC,AC,194,157+155,Matrix M2-1,Human respiratory syncytial virus A2,,,,,,,,
6RTI,C,R,UB,no,X-ray structure of human glutamate carboxypeptidase II (GCPII) in complex with aptamer A9g,2.2, A:X,A,707,681,X,43,21,H. sapiens  GCPII,Homo sapiens,A9gRNA  aptamer,synthetic construct,2C6C,membrane-bound glutamate carboxypeptidase II (GCPII) in complex with GPI-18431 (S)-2-(4-iodobenzylphosphonomethyl)-pentanedioic acid,2,A,A,707,681,GLUTAMATE CARBOXYPEPTIDASE II,Homo sapiens,,,,,,,,
6ZDP,C,F,UB,yes,Structure of telomerase from Candida Tropicalis in complexe with TWJ fragment of telomeric RNA,2.85, A:B,A,724,638,B,72,67,C. tropicalis telomerase reverse transcriptase,Candida tropicalis MYA-3404,TWJ  fragment of telomeric RNA,Candida tropicalis MYA-3404,6ZD6,Structure of apo telomerase from Candida Tropicalis,2.64,A,A,705,638,Telomerase reverse transcriptase,Candida tropicalis MYA-3404,,,,,,,,
7KFN,C,S,UB,no,Structure of Human Adenosine Deaminase Acting on dsRNA (ADAR2) bound to dsRNA containing a 2'-deoxy Benner's Base Z opposite the edited base,2.5,  AD:BC,AD,403+403,367+352,BC,23+23,22+22,H. sapiens  ADAR2,Homo sapiens,Gli1  8AZ 23mer dsRNA,Homo sapiens,1ZY7,Crystal structure of the catalytic domain of an adenosine deaminase that acts on RNA (hADAR2) bound to inositol hexakisphosphate (IHP),1.7,AB,AB,403+403,367+352,"RNA-specific adenosine deaminase B1, isoform DRADA2a",Homo sapiens,,,,,,,,
7KKV,C,R,UB,yes,"Crystal structure of Bacillus halodurans OapB in complex with its OLE RNA target (native, crystal form I)",2, A:B,A,98,89,B,60,60,A. halodurans OapB protein,Halalkalibacterium halodurans C-125,OLE  RNA target,Halalkalibacterium halodurans C-125,7K9B,Crystal structure of Bacillus halodurans OapB (native) at 1.2 A,1.202,A,A,98,89,OLE-associated protein B,Halalkalibacterium halodurans C-125,,,,,,,,
7OG0,C,S,UB,yes,"Nontypeable Haemophillus influenzae SapA in open and closed conformations, in complex with double stranded RNA",2.61,  A:EE',A,527,483,EB,17+17,17+17,H. influenzae SapA,Haemophilus influenzae 86-028NP,dsRNA,Escherichia coli,8TV8,Crystal structure of nontypeable Haemophilus influenzae SapA,2.25,A,A,564,483,"ABC-type transport system, periplasmic component, involved in antimicrobial peptide resistance",Haemophilus influenzae 86-028NP,,,,,,,,
7OM6,C,R,UB,no,Thosea asigna virus RdRP domain in complex with RNA,2.18,  A:DF,A,684,629,DF,8+8,6+8,T. asigna  virus RdRP domain,Thosea asigna virus,RNA  oligonucleotide,synthetic construct,7OM2,Thosea asigna virus RdRP domain in complex with Mg+2,2.07,A,A,684,629,RNA-dependent RNA polymerase,Thosea asigna virus,,,,,,,,
7XD8,C,F,UB,no,Crystal Structure of Dengue Virus Serotype 2 (DENV2) Polymerase Elongation Complex (Native Form),2.85,  A:BC,A,647,597,BC,30+9,12+9,Dengue  virus 2 NS5,dengue virus type 2,30-mer  RNA,synthetic construct,6KR2,Crystal structure of Dengue virus nonstructural protein NS5 (form 1),3.06,A,A,911,597,Genome polyprotein,dengue virus type 2,,,,,,,,
7XWZ,C,S,UB,no,Crystal structure of SARS-CoV-2 N-NTD and dsRNA complex,2.25,  A:CD,A,125,112,CD,7+7,7+7,SARS-CoV-2  N-NTD  nucleoprotein,Severe acute respiratory syndrome coronavirus 2,dsRNA,synthetic construct,7VNU,Crystal structure of the N-terminal domain of SARS-CoV-2 nucleocapsid protein,1.95,A,A,131,112,Nucleoprotein,Severe acute respiratory syndrome coronavirus 2,,,,,,,,
7ZLQ,C,R,UB,yes,Crystal structure of ADAR1-dsRBD3 dimer in complex with dsRNA,2.8,  A:DE,A,86,81,DE,13+13,13+13,H. Sapiens  ADAR1-dsRBD3,Homo sapiens,dsRNA,synthetic construct,2MDR,Solution structure of the third double-stranded RNA-binding domain (dsRBD3) of human adenosine-deaminase ADAR1,NMR,A,A,113,81,Double-stranded RNA-specific adenosine deaminase,Homo sapiens,,,,,,,,
8AF0,C,R,UB,no,Crystal structure of human angiogenin and RNA duplex,2.43,  AB:CD,AB,123+123,120+119,CD,19+19,19+19,H. Sapiens  Angiogenin,Homo sapiens,dsRNA,Homo sapiens,5M9T,Human angiogenin ALS variant H114R,2.2,AB,AB,124+124,120+119,Angiogenin,Homo sapiens,,,,,,,,
1AV6,D,R,UB,no,VACCINIA METHYLTRANSFERASE VP39 COMPLEXED WITH M7G CAPPED RNA HEXAMER AND S-ADENOSYLHOMOCYSTEINE,2.8, A:B,A,295,289,B,6,6,Vaccinia  virus cap-specific mRNA methyltransferase,Vaccinia virus WR,M7G  capped RNA,,1B42,VACCINIA METHYLTRANSFERASE VP39 COMPLEXED WITH M1ADE AND S-ADENOSYLHOMOCYSTEINE,2.2,A,A,297,289,VP39,Vaccinia virus,,,,,,,,
1C9S,D,R,UB,yes,CRYSTAL STRUCTURE OF A COMPLEX OF TRP RNA-BINDING ATTENUATION PROTEIN WITH A 53-BASE SINGLE STRANDED RNA CONTAINING ELEVEN GAG TRIPLETS SEPARATED BY AU DINUCLEOTIDES,1.9,  L:W1-7,L,74,63,W,55,7,G. stearothermophilus TRAP,Geobacillus stearothermophilus,ssRNA,,2EXT,TRAP4 (engineered TRAP),1.8,A,A,77,63,Transcription attenuation protein mtrB,Geobacillus stearothermophilus,,,,,,,,
1CVJ,D,F,UB,yes,X-RAY CRYSTAL STRUCTURE OF THE POLY(A)-BINDING PROTEIN IN COMPLEX WITH POLYADENYLATE RNA,2.6, A:M,A,190,80,M,11,9,H.  sapiens poly(A)-binding  protein,Homo sapiens,polyA,,4F25,Crystal structure of the second RRM domain of human PABPC1 at pH 6.0,1.9,A,A,115,80,Polyadenylate-binding protein 1,Homo sapiens,,,,,,,,
1G2E,D,R,UB,no,CRYSTAL STRUCTURE OF HUD AND AU-RICH ELEMENT OF THE TUMOR NECROSIS FACTOR ALPHA RNA,2.3, A:B,A,167,160,B,10,10,H. sapiens RRM  domain of the HuD protein,Homo sapiens,class  II ARE fragment,,4EGL,Crystal structure of two tandem RNA recognition motifs of Human antigen R,2.9,A,A,177,160,ELAV-like protein 1,Homo sapiens,,,,,,,,
1K8W,D,R,UB,yes,Crystal structure of the E. coli pseudouridine synthase TruB bound to a T stem-loop RNA,1.85, A:B,A,327,274,B,22,22,E. coli pseudouridine  synthase B,Escherichia coli,T  stem-loop RNA,,1R3F,Crystal Structure of tRNA Pseudouridine Synthase TruB and Its RNA Complex: RNA-protein Recognition Through a Combination of Rigid Docking and Induced Fit,1.85,A,A,314,274,tRNA pseudouridine synthase B,Escherichia coli,,,,,,,,
1KQ2,D,R,UB,yes,Crystal Structure of an Hfq-RNA Complex,2.71,  ABHIKM:R,ABHIKM,77+77+77+77+77+77,60+61+62+60+61+61,R,7,7,S. aureus Hfq,Staphylococcus aureus,7-mer  RNA,,1KQ1,"1.55 A Crystal structure of the pleiotropic translational regulator, Hfq",1.55,ABHIKM,ABHIKM,77+77+77+77+77+77,60+61+62+60+61+61,Host Factor for Q beta,Staphylococcus aureus,,,,,,,,
1M5O,D,R,UB,no,Transition State Stabilization by a Catalytic RNA,2.2, C:B,C,100,87,B,92,92,H. sapiens U1 Snp A,Homo sapiens,hairpin  ribozyme,,1OIA,U1A rnp domain 1-95,2.4,A,A,95,87,U1 SMALL NUCLEAR RIBONUCLEOPROTEIN A,Homo sapiens,,,,,,,,
1M8V,D,R,UB,no,Structure of Pyrococcus abyssii Sm Protein in Complex with a Uridine Heptamer,2.6,  AM:O,AM,77+77,71+71,O,7,6,P. abyssi Sm,Pyrococcus abyssi,uridine  heptamer,,1H64,CRYSTAL STRUCTURE OF THE SM-RELATED PROTEIN OF P. ABYSSI: THE BIOLOGICAL UNIT IS A HEPTAMER,1.9,AM,AM,75+75,71+71,SNRNP SM-LIKE PROTEIN,Pyrococcus abyssi,,,,,,,,
1M8W,D,R,UB,yes,CRYSTAL STRUCTURE OF THE PUMILIO-HOMOLOGY DOMAIN FROM HUMAN PUMILIO1 IN COMPLEX WITH NRE1-19 RNA,2.2,  A:CE,A,349,339,CE,8+7,8+8,H. sapiens pumilio-homology  domain,Homo sapiens,Nre1-19  RNA,,1M8Z,Crystal Structure Of A Pumilio-Homology Domain,1.9,A,A,349,339,PUMILIO 1,Homo sapiens,,,,,,,,
1UVI,D,R,UB,no,The structural basis for RNA specificity and Ca2 inhibition of an RNA-dependent RNA polymerase phi6p2 with 6nt RNA,2.15, A:D,A,664,664,D,6,4,phi6  RNA polymerase,Cystovirus phi6,6-mer  RNA,synthetic construct,1HHS,RNA dependent RNA polymerase from dsRNA bacteriophage phi6,2,A,A,664,664,RNA-DIRECTED RNA POLYMERASE,Cystovirus phi6,,,,,,,,
1WPU,D,R,UB,yes,Crystal Structure of the HutP antitermination complex bound to a single stranded region of hut mRNA,1.48, A:C,A,147,147,C,7,7,B. subtilis HutP  antitermination protein,Bacillus subtilis,hut  mRNA,,1WPV,"Crystal Structure of Activated Binary complex of HutP, an RNA binding anti-termination protein",1.7,A,A,147,147,Hut operon positive regulatory protein,Bacillus subtilis,,,,,,,,
2A8V,D,S,UB,yes,RHO TRANSCRIPTION TERMINATION FACTOR/RNA COMPLEX,2.4, B:E,B,118,114,E,3+6,6,E. coli RHO,Escherichia coli (strain K12),Cytosine  rich RNA,Escherichia coli,1A8V,STRUCTURE OF THE RNA-BINDING DOMAIN OF THE RHO TRANSCRIPTION TERMINATOR,2,B,B,121,114,TRANSCRIPTION TERMINATION FACTOR RHO,Escherichia coli,,,,,,,,
2ASB,D,R,UB,yes,Structure of a Mycobacterium tuberculosis NusA-RNA complex,1.5, A:B,A,251,222,B,11,11,M. tuberculosis Nus A antiterminator,Mycobacterium tuberculosis,BoxC  rRNA,,1K0R,Crystal Structure of Mycobacterium tuberculosis NusA,1.7,A,A,366,222,NusA,Mycobacterium tuberculosis,,,,,,,,
2GIC,D,R,UB,no,Crystal Structure of a vesicular stomatitis virus nucleocapsid-RNA complex,2.92, A:R,A,422,420,R,45,45,VSV  nucleocapsid,Vesicular stomatitis Indiana virus,viral  genomic RNA,,2QVJ,Crystal structure of a vesicular stomatitis virus nucleocapsid protein Ser290Trp mutant,2.8,A,A,421,420,Nucleocapsid protein,Vesicular stomatitis Indiana virus,,,,,,,,
2IX1,D,R,UB,yes,RNase II D209N mutant,2.74, A:B,A,664,635,B,13,13,E. coli RNase II,Escherichia coli,polyA,Escherichia coli BL21(DE3),2IX0,RNase II,2.44,A,A,663,635,EXORIBONUCLEASE 2,Escherichia coli,,,,,,,,
2JEA,D,R,UB,yes,Structure of a 9-subunit archaeal exosome bound to RNA,2.33,  AB:C,AB,277+250,274+234,C,35,7,S. solfataricus exosome,Saccharolobus solfataricus,substrate  RNA,Saccharolobus solfataricus,2JE6,Structure of a 9-subunit archaeal exosome,1.6,AB,AB,277+277,274+234,EXOSOME COMPLEX EXONUCLEASE 2+EXOSOME COMPLEX EXONUCLEASE 1,Saccharolobus solfataricus,,,,,,,,
2JLU,D,S,UB,no,Dengue virus 4 NS3 helicase in complex with ssRNA,2.04, A:C,A,451,449,C,12,7,Dengue  virus serine protease subunit NS3,Dengue virus 4 Thailand/0348/1991,ssRNA,,2JLQ,"Dengue virus 4 NS3 helicase structure, apo enzyme.",1.67,A,A,451,449,SERINE PROTEASE SUBUNIT NS3,Dengue virus 4 Thailand/0348/1991,,,,,,,,
2PY9,D,R,UB,no,Protein-RNA Interaction involving KH1 domain from Human Poly(C)-Binding Protein-2,2.56, B:E,B,73,69,E,12,12,H. sapiens poly(rC)-binding  protein 2,Homo sapiens,human  telomeric RNA,,2JZX,PCBP2 KH1-KH2 domains,NMR,A,A,160,69,Poly(rC)-binding protein 2,Homo sapiens,,,,,,,,
2Q66,D,S,UB,no,Structure of Yeast Poly(A) Polymerase with ATP and oligo(A),1.8, A:X,A,525,503,X,5,5,S. cerevisiae poly(A) polymerase,Saccharomyces cerevisiae,polyA,,2HHP,Structure of yeast poly(A) polymerase in a closed conformation.,1.8,A,A,530,503,Poly(A) polymerase,Saccharomyces cerevisiae,,,,,,,,
2R7R,D,S,UB,no,Crystal Structure of Rotavirus SA11 VP1/RNA (UGUGACC) complex,2.6, A:X,A,1095,1072,X,7,7,Rotavirus  polymerase VP1,Simian rotavirus,RNA,,2R7Q,Crystal Structure of VP1 apoenzyme of Rotavirus SA11 (C-terminal hexahistidine-tagged),2.9,A,A,1095,1072,RNA-dependent RNA polymerase,Simian rotavirus,,,,,,,,
2XGJ,D,F,UB,yes,"Structure of Mtr4, a DExH helicase involved in nuclear RNA processing and surveillance",2.9, A:C,A,1010,921,C,5,5,S. cerevisiae Mtr4,Saccharomyces cerevisiae,polyA,,4U4C,The molecular architecture of the TRAMP complex reveals the organization and interplay of its two catalytic activities,2.4,A,A,998,921,ATP-dependent RNA helicase DOB1,Saccharomyces cerevisiae S288C,,,,,,,,
2XNR,D,R,UB,yes,Structural insights into cis element recognition of non- polyadenylated RNAs by the Nab3-RRM,1.6, A:C,A,97,74,C,12,5,S. cerevisiae Nab3-RRM,Saccharomyces cerevisiae,UCUU  recognition sequence,Saccharomyces cerevisiae,2XNQ,Structural insights into cis element recognition of non- polyadenylated RNAs by the Nab3-RRM,1.3,A,A,97,74,NUCLEAR POLYADENYLATED RNA-BINDING PROTEIN 3,Saccharomyces cerevisiae,,,,,,,,
2XZO,D,F,UB,yes,Upf1 helicase - RNA complex,2.395, A:D,A,623,611,D,7,7,H. sapiens Upf1  helicase,Homo sapiens,polyU,synthetic construct,2XZP,Upf1 helicase,2.72,A,A,623,611,REGULATOR OF NONSENSE TRANSCRIPTS 1,Homo sapiens,,,,,,,,
3AEV,D,R,UB,yes,Crystal structure of a/eIF2alpha-aDim2p-rRNA complex from Pyrococcus horikoshii OT3,2.8, B:C,B,219,166,C,11,11,P. horikoshii Dim2p,Pyrococcus horikoshii,P.  horikoshii 16S rRNA fragment,,2E3U,Crystal structure analysis of Dim2p from Pyrococcus horikoshii OT3,2.3,A,A,219,166,Hypothetical protein PH1566,Pyrococcus horikoshii OT3,,,,,,,,
3BX2,D,R,UB,yes,Puf4 RNA binding domain bound to HO endonuclease RNA 3' UTR recognition sequence,2.84, A:C,A,335,327,C,9,9,S. cerevisiae PUF4,Saccharomyces cerevisiae,3' UTR  binding sequence,,3BWT,Crystal structure of the RNA binding domain of Puf4 from Saccharomyces cerevisiae,2.69,A,A,333,327,Protein PUF4,Saccharomyces cerevisiae,,,,,,,,
3D2S,D,R,UB,yes,Crystal structure of MBNL1 tandem zinc finger 3 and 4 domain in complex with CGCUGU RNA,1.7, A:E,A,70,66,E,6,6,H. sapiens MBNL1 ZnF3/4,Homo sapiens,pre-mRNA,synthetic construct,3D2Q,Crystal structure of MBNL1 tandem zinc finger 3 and 4 domain,1.5,A,A,70,66,Muscleblind-like protein 1,Homo sapiens,,,,,,,,
3MDG,D,R,UB,yes,Crystal Structure of the 25kDa Subunit of Human Cleavage factor Im in complex with RNA UUGUAU,2.22,  AB:C,AB,227+227,193+200,C,6,6,H. sapiens CFI(m)25,Homo sapiens,pre-mRNA,,3BAP,Crystal Structure of the 25 kDa Subunit of Human Cleavage Factor Im,1.85,AA',AC,227,193+200,Cleavage and polyadenylation specificity factor subunit 5,Homo sapiens,,,,,,,,
3NMR,D,S,UB,yes,Crystal Structure of CUGBP1 RRM1/2-RNA Complex,1.85, A:B,A,175,174,B,12,6,H. sapiens CUG-binding protein 1,Homo sapiens,UGU-rich  mRNA,Homo sapiens,2DHS,Solution Structure of Nucleic Acid Binding Protein CUGBP1ab and its Binding Study with DNA and RNA,NMR,A,A,187,174,CUG triplet repeat RNA-binding protein 1,Homo sapiens,,,,,,,,
3O8C,D,R,UB,yes,Visualizing ATP-dependent RNA Translocation by the NS3 Helicase from HCV,2, A:C,A,666,645,C,6,6,HCV  NS3 helicase,Hepatitis C virus subtype 1b,polyU,,3O8B,Visualizing ATP-dependent RNA Translocation by the NS3 Helicase from HCV,1.95,A,A,666,645,HCV NS3 protease/helicase,Hepatitis C virus subtype 1b,,,,,,,,
3PF4,D,R,UB,yes,Crystal structure of Bs-CspB in complex with r(GUCUUUA),1.38, B:R,B,67,66,R,7,4,B. subtilis CspB,Bacillus subtilis,ssRNA,,1CSP,"CRYSTAL STRUCTURE OF THE BACILLUS SUBTILIS MAJOR COLD SHOCK PROTEIN, CSPB: A UNIVERSAL NUCLEIC-ACID BINDING DOMAIN",2.45,A,A,67,66,COLD SHOCK PROTEIN B(CSPB),Bacillus subtilis,,,,,,,,
3QJJ,D,R,UB,no,One RAMP protein binding different RNA substrates,2.8049, A:Q,A,243,230,Q,12,12,P. horikoshii RAMP Protein,Pyrococcus horikoshii,CRISPR  repeat RNA,,3UFC,Characterization of a Cas6-related gene from Pyrococcus furiosus,2.03,X,X,243,230,Putative uncharacterized protein,Pyrococcus furiosus DSM 3638,,,,,,,,
3RC8,D,R,UB,no,Human Mitochondrial Helicase Suv3 in Complex with Short RNA Fragment,2.9, A:E,A,677,588,E,6,6,H. sapiens helicase SUPV3L1,Homo sapiens,RNA  fragment,,3RC3,Human Mitochondrial Helicase Suv3,2.08,A,A,677,588,"ATP-dependent RNA helicase SUPV3L1, mitochondrial",Homo sapiens,,,,,,,,
4E78,D,R,UB,no,Crystal structure of a product state assembly of HCV NS5B genotype 2a JFH-1 isolate with beta hairpin loop deletion bound to primer-template RNA with 3'-dG,2.9,  A:PT,A,572,538,PT,6,4+4,HCV  polymerase,Hepatitis C virus JFH-1,RNA  primer-template pair,,4E76,Apo crystal structure of HCV NS5B genotype 2A JFH-1 isolate with beta hairpin loop deletion,2.5,A,A,572,538,RNA-directed RNA polymerase,Hepatitis C virus JFH-1,,,,,,,,
4H5P,D,S,UB,yes,Crystal Structure of Rift Valley Fever Virus Nucleocapsid Protein Tetramer Bound to Single-stranded RNA,2.15,  AB:E,AB,245+245,243+243,E,14,14,Rift  valley fever virus nucleocapsid,Rift Valley fever virus,polyU,,3LYF,Crystal Structure of the Rift Valley Fever Virus Nucleocapsid Protein,1.93,AB,AB,245+245,243+243,Nucleocapsid protein,Rift Valley fever virus,,,,,,,,
4HOR,D,S,UB,no,Crystal Structure of Full-Length Human IFIT5 with 5`-triphosphate Oligocytidine,1.861, A:X,A,482,469,X,5,5,H. sapiens IFIT,Homo sapiens,polyC,,4HOQ,Crystal Structure of Full-Length Human IFIT5,2.07,A,A,482,469,Interferon-induced protein with tetratricopeptide repeats 5,Homo sapiens,,,,,,,,
4J7M,D,R,UB,no,Crystal structure of mouse DXO in complex with substrate mimic RNA and calcium ion,1.7, A:B,A,378,358,B,5,5,M. musculus Dom3Z,Mus musculus,polyU,synthetic construct,4J7N,Crystal structure of mouse DXO in complex with M7GPPPG cap,1.5,A,A,378,358,Protein Dom3Z,Mus musculus,,,,,,,,
4M59,D,F,UB,yes,Crystal structure of the pentatricopeptide repeat protein PPR10 in complex with an 18-nt psaJ RNA element,2.46,  AB:CD,AB,718+718,640+638,CD,18+18,14+18,Z. mays chloroplast  ppr10,Zea mays,psaJ  RNA,,4M57,Crystal structure of the pentatricopeptide repeat protein PPR10 from maize,2.86,AA',AB,726,640+637,Chloroplast pentatricopeptide repeat protein 10,Zea mays,,,,,,,,
4MDX,D,S,UB,yes,Crystal structure of Bacillus subtilis MazF in complex with RNA,1.5,  AB:C,AB,117+117,114+115,C,9,8,B. subtilis mRNA  interferase MazF,Bacillus subtilis subsp. subtilis str. 168,mRNA,,1NE8,YDCE protein from Bacillus subtilis,2.1,AA',AD,117,115+114,conserved hypothetical protein YDCE,Bacillus subtilis,,,,,,,,
4N2Q,D,R,UB,no,Crystal structure of THA8 in complex with Zm4 RNA,2.8, A:B,A,257,194,B,13,5,B. distachyon thylakoid assembly 8,Brachypodium distachyon,Zm4  13-mer RNA,,4ME2,Crystal Structure of THA8 protein from Brachypodium distachyon,1.6,A,A,257,194,Uncharacterized protein,Brachypodium distachyon,,,,,,,,
4QU6,D,S,UB,no,Crystal structure of a G-rich RNA sequence binding factor 1 (GRSF1) from Homo sapiens at 1.75 A resolution,1.75, A:B,A,107,99,B,6,3,H. sapiens GRSF1,Homo sapiens,synthetic  RNA,synthetic construct,2LMI,NMR structure of the protein BC040485 from Homo sapiens,NMR,A,A,107,99,G-rich sequence factor 1,Homo sapiens,,,,,,,,
5DET,D,S,UB,yes,X-ray structure of human RBPMS in complex with the RNA,1.95,  AB:PQ,AB,98+98,90+90,PQ,4+5,4+5,H. sapiens RBPMS,Homo sapiens,CAC  containing ssRNA,Homo sapiens,5CYJ,X-ray structure of human RBPMS,1.79,AB,AB,98+98,90+90,RNA-binding protein with multiple splicing,Homo sapiens,,,,,,,,
5EIM,D,R,UB,yes,YTH domain-containing protein mmi1 and RNA complex,1.54, A:C,A,163,154,HI,8,6+6,S. pombe YTH domain of spMmi1,Schizosaccharomyces pombe 972h-,synthetic  RNA,synthetic construct,5H8A,Mmi1 YTH domain,1.751,A,A,178,154,YTH domain-containing protein mmi1,Schizosaccharomyces pombe 972h-,,,,,,,,
5ELS,D,S,UB,yes,Structure of the KH domain of T-STAR in complex with AAAUAA RNA,2.873,  AC:HI,AC,113+113,108+113,C,6+6,8,H. sapiens KH domain of T-STAR,Homo sapiens,synthetic  RNA,synthetic construct,5EL3,Structure of the KH domain of T-STAR,1.59,AB,AB,113+113,108+113,"KH domain-containing, RNA-binding, signal transduction-associated protein 3",Homo sapiens,,,,,,,,
5EX7,D,R,UB,yes,Crystal structure of Brat NHL domain in complex with an 8-nt hunchback mRNA,2.6, A:B,A,286,272,B,8,7,D. melanogaster Brat NHL domain,Drosophila melanogaster,hunchback  mRNA,Drosophila,1Q7F,Brain Tumor NHL domain,1.95,A,A,286,272,brain tumor CG10719-PA,Drosophila melanogaster,,,,,,,,
5GXH,D,R,UB,yes,The structure of the Gemin5 WD40 domain with AAUUUUUG,1.8, A:B,A,757,672,B,8,7,H. sapiens Gemin5,Homo sapiens,Pre-snRNAs,Homo sapiens,5TEE,Crystal structure of Gemin5 WD40 repeats in apo form,1.65,A,A,758,672,Gem-associated protein 5,Homo sapiens,,,,,,,,
5LTA,D,S,UB,yes,Crystal structure of the Prp43-ADP-BeF3-U7-RNA complex,2.621, A:E,A,714,698,E,16,8,T. thermophila DEAH-box heicase Prp43,Thermochaetoides thermophila DSM 1495,Synthetic  RNA,synthetic construct,5D0U,Crystal structure of the RNA-helicase Prp43 from Chaetomium thermophilum bound to ADP,2.919,A,A,714,698,Pre-mRNA-splicing factor ATP-dependent RNA helicase PRP43,Thermochaetoides thermophila DSM 1495,,,,,,,,
5SZE,D,R,UB,yes,Crystal structure of Aquifex aeolicus Hfq-RNA complex at 1.5A,1.5, A:C,A,83,70,C,6,3,A. aeolicus Hfq-RNA,Aquifex aeolicus VF5,PolyU,unidentified,5SZD,Crystal structure of Aquifex aeolicus Hfq at 1.5A,1.494,A,A,83,70,RNA-binding protein Hfq,Aquifex aeolicus VF5,,,,,,,,
5V7C,D,R,UB,yes,Crystal structure of LARP1-unique domain DM15 bound 5'TOP RNA sequence,2.59, B:C,B,162,143,C,8,8,H. sapiens LARP1-unique domain DM15,Homo sapiens,5'TOP  motif,Homo sapiens,5V87,Crystal structure of LARP1-unique domain DM15 bound to m7GpppC,1.692,A,A,162,143,La-related protein 1,Homo sapiens,,,,,,,,
5W0M,D,R,UB,no,Structure of human TUT7 catalytic module (CM) in complex with U5 RNA,2.298, A:H,A,389,333,H,5,4,H. sapiens TUT7 catalytic module,Homo sapiens,PolyU,synthetic construct,5W0B,Structure of human TUT7 catalytic module (CM),2.614,A,A,389,333,Terminal uridylyltransferase 7,Homo sapiens,,,,,,,,
5WWX,D,R,UB,yes,Crystal structure of the KH2 domain of human RNA-binding E3 ubiquitin-protein ligase MEX-3C complex with RNA,2, A:C,A,86,78,C,5,5,H. sapiens KH2 domain of MEX-3C,Homo sapiens,5-mer  RNA,synthetic construct,5WWZ,Crystal structure of the KH2 domain of human RNA-binding E3 ubiquitin-protein ligase MEX-3C,2.5,A,A,86,78,RNA-binding E3 ubiquitin-protein ligase MEX3C,Homo sapiens,,,,,,,,
5ZSC,D,R,UB,yes,Crystal structure of monkey TLR7 in complex with IMDQ and CCUUCC,2.2, A:C,A,823,774,C,6,4,M. mulatta toll-like receptor 7,Macaca mulatta,CCUUCA  RNA,synthetic construct,6IF5,"Crystal structure of monkey TLR7 in complex with 2',3'-cGMP (Guanosine 2',3'-cyclic phosphate)",2,A,A,823,774,Toll-like receptor 7,Macaca mulatta,,,,,,,,
6A4E,D,R,UB,no,Two linked uridine bound Oligoribonuclease (ORN) from Colwellia psychrerythraea strain 34H,2.45, A:B,A,181,178,B,5,2,C. psychrerythraea oligoribonuclease,Colwellia psychrerythraea 34H,U-rich  RNA,synthetic construct,6A4D,pNP-TMP bound Oligoribonuclease (ORN) from Colwellia psychrerythraea strain 34H,2.19,A,A,184,178,Oligoribonuclease,Colwellia psychrerythraea 34H,,,,,,,,
6A6J,D,R,UB,yes,Crystal structure of Zebra fish Y-box protein1 (YB-1) Cold-shock domain in complex with 6mer m5C RNA,2.255, A:B,A,93,88,B,6,5,D. rerio cold shock domain of Ybx1,Danio rerio,6mer  m5C RNA,Homo sapiens,6LMS,Solution NMR structure cold shock domain of YB1 from Homo sapiens,NMR,A,A,106,88,Y-box-binding protein 1,Homo sapiens,,,,,,,,
6GC5,D,R,UB,yes,Molecular basis for AU-rich element recognition and dimerization by the HuR C-terminal RRM,1.9, A:E,A,90,79,E,11,5,H. sapiens HuR RRM3,Homo sapiens,AU-rich  RNA,Homo sapiens,6GD1,Structure of HuR RRM3,2.01,A,A,206,79,"Thioredoxin 1,ELAV-like protein 1","Escherichia coli K-12, Homo sapiens",,,,,,,,
6HAU,D,R,UB,no,KSHV PAN RNA Mta-response element fragment complexed with the globular domain of herpesvirus saimiri ORF57,1.86,  AB:D,AB,273+273,271+273,D,17,6,Herpesvirus  saimiri mRNA export factor ICP27 homolog,Herpesvirus saimiri (strain 11),MRE  fragment of PAN RNA,Human gammaherpesvirus 8,6HAT,Globular domain of herpesvirus saimiri ORF57,1.856,AB,AB,273+273,271+273,mRNA export factor ICP27 homolog,Herpesvirus saimiri (strain 11),,,,,,,,
6I0V,D,R,UB,no,Crystal structure of DmTailor in complex with CACAGU RNA,1.851, A:B,A,384,342,B,6,5,D. melanogaster DmTailor,Drosophila melanogaster,8-mer  RNA,Drosophila melanogaster,6I0S,Crystal structure of DmTailor in complex with UMPNPP,1.9,A,A,384,342,Terminal uridylyltransferase Tailor,Drosophila melanogaster,,,,,,,,
6L1W,D,S,UB,yes,Zinc-finger Antiviral Protein (ZAP) bound to RNA,2.194, A:C,A,228,203,C,7,6,M. musculus Zinc finger CCCH-type antiviral protein 1,Mus musculus,CG  rich RNA,Virus-associated RNAs,3U9G,Crystal structure of the Zinc finger antiviral protein,1.801,A,A,229,203,Zinc finger CCCH-type antiviral protein 1,Rattus norvegicus,,,,,,,,
6LLB,D,R,UB,yes,"Crystal structure of mpy-RNase J (mutant S247A), an archaeal RNase J from Methanolobus psychrophilus R15, in complex with 6 nt RNA",2.6, A:C,A,470,426,C,6,6,M. psychrophilus MPY-RNase J,Methanolobus psychrophilus R15,6-mer  RNA,synthetic construct,5HAA,"Crystal structure of mpy-RNase J, an archaeal RNase J from Methanolobus psychrophilus R15",2.904,A,A,470,426,Ribonuclease J,Methanolobus psychrophilus R15,,,,,,,,
6R9P,D,R,UB,no,Structure of Saccharomyces cerevisiae apo Pan2 pseudoubiquitin hydrolase-RNA exonuclease (UCH-Exo) module in complex with AAUUAA RNA,2.98, A:B,A,672,596,B,6,4,S. cerevisiae apo Pan2 pseudoubiquitin hydrolase,Saccharomyces cerevisiae S288C,AAUUAA  RNA,Saccharomyces cerevisiae,6R9I,Structure of Saccharomyces cerevisiae apo Pan2 pseudoubiquitin hydrolase-RNA exonuclease (UCH-Exo) module,3,A,A,672,596,PAN2-PAN3 deadenylation complex catalytic subunit PAN2,Saccharomyces cerevisiae S288C,,,,,,,,
6U9X,D,S,UB,yes,Structure of T. brucei MERS1-RNA complex,2.6, D:H,D,363,261,H,11,4,T. brucei MERS1,Trypanosoma brucei,G rich  RNA,Trypanosoma brucei,6NL1,Structure of T. brucei MERS1 protein in its apo form,2.297,A,A,398,261,Mitochondrial edited mRNA stability factor 1,Trypanosoma brucei,,,,,,,,
6L5N,D,R,UB,yes,Crystal structure of human DEAD-box RNA helicase DDX21 at post-unwound state,2.242, A:C,A,377,365,C,15,7,H. sapiens DEAD-box RNA helicase DDX21,Homo sapiens,poly(U)-15mer,Homo sapiens,6L5M,Crystal structure of human DEAD-box RNA helicase DDX21 in complex with AMP,2.7,A,A,377,365,Nucleolar RNA helicase 2,Homo sapiens,,,,,,,,
6LT7,D,S,UB,yes,Crystal structure of human RPP20-RPP25 proteins in complex with the P3 domain of lncRNA RMRP,2.7,  AB:C,B,141+198,105+110,C,50,49,H. sapiens RPP20-RPP25,Homo sapiens,P3  domain of lncRNA RMRP,synthetic construct,6CWX,Crystal structure of human ribonuclease P/MRP proteins Rpp20/Rpp25,2.25,AB,AB,142+201,105+110,Ribonuclease P protein subunit p20+subunit p25,Homo sapiens,,,,,,,,
6U6Y,D,R,UB,yes,Human SAMHD1 bound to ribo(CGCCU)-oligonucleotide,2.47,  AD:EH,AD,533+533,432+427,EH,5+5,4+4,H. sapiens SAMHD1,Homo sapiens,ribo(CGCCU)-oligonucleotide,synthetic construct,5AO3,Crystal structure of human SAMHD1 (amino acid residues 115-626) bound to GTP,3.004,AB,AD,538+538,432+427,DEOXYNUCLEOSIDE TRIPHOSPHATE TRIPHOSPHOHYDROLASE SAMHD1,Homo sapiens,,,,,,,,
6WXY,D,R,UB,yes,crystal structure of cA6-bound Card1,2.1,  BC:A,BC,382+382,372+372,A,6,6,T. succinifaciens card1 nuclease,Treponema succinifaciens DSM 2489,cA6-bound,synthetic construct,6WXW,crystal structure of apo Card1,2.32,AB,AB,382+382,372+372,Card1,Treponema succinifaciens DSM 2489,,,,,,,,
6ZOT,D,R,UB,no,Crystal structure of YTHDF3 YTH domain in complex with m6A RNA,2.7,  A:C,A,199,150,C,5,4,H. sapiens YTH domain-containing family protein 3,Homo sapiens,m6A  RNA,Homo sapiens,8BS5,Crystal structure of YTHDF3 YTH domain open conformation,2.49,A,A,198,150,YTH domain-containing family protein 3,Homo sapiens,,,,,,,,
7C45,D,F,UB,yes,The crystal structure of Trypanosoma brucei RNase D complex with RNA U12,1.769, A:D,A,302,288,D,12,10,T. brucei RNase D ribonuclease,Trypanosoma brucei brucei TREU927,gRNA  U12,synthetic construct,7C42,The crystal structure of Trypanosoma brucei RNase D,2,A,A,351,288,CCHC-type domain-containing protein,Trypanosoma brucei brucei TREU927,,,,,,,,
7DOL,D,R,UB,yes,Mycoplasma genitalium RNase R in complex with double-stranded RNA,2.002, A:C,A,747,563,C,6,6,M. genitalium Ribonuclease R,Mycoplasmoides genitalium G37,ssRNA,Mycoplasmoides genitalium G37,7DCY,Apo form of Mycoplasma genitalium RNase R,1.972,A,A,747,563,Ribonuclease R,Mycoplasmoides genitalium G37,,,,,,,,
7K5L,D,R,UB,no,Ebola virus VP40 octameric ring generated by an RNA oligonucleotide,1.38,A:R,A,172,120,R,35,3,Ebola  virus Matrix protein VP40,"Ebola virus - Mayinga, Zaire, 1976",HSP  RNA oligonucleotide,Homo sapiens,4LDM,Crystal Structure of an RNA-free VP40 Octameric Ring,1.85,A,A,159,120,Matrix protein VP40,Zaire ebolavirus,,,,,,,,
7EIU,D,R,UB,yes,Crystal structure of Mei2 RRM3 in complex with 8mer meiRNA,2.349, A:C,A,155,146,C,6,6,S. pombe meiosis protein mei2 RRM3,Schizosaccharomyces pombe 972h-,8mer  meiRNA,Schizosaccharomyces pombe,7EIO,Crystal Structure of Mei2 RRM3,1.895,A,A,154,146,Meiosis protein mei2,Schizosaccharomyces pombe 972h-,,,,,,,,
7KL3,D,R,UB,no,"The crystal structure of the 2009/H1N1/California PA endonuclease mutant E119D bound to RNA oligomer AG*CAUC (*uncleaveable bond, -UC disordered)",1.99, A:B,A,197,177,B,6,2,H1N1  california PA endonuclease,Influenza A virus,RNA  oligomer AG*CAUC,synthetic construct,5CZN,2009 H1N1 PA endonuclease mutant E119D,1.98,A,A,197,177,Polymerase acidic protein,Influenza A virus (A/California/04/2009(H1N1)),,,,,,,,
7L6T,D,R,UB,yes,"Crystal Structure of SARS-CoV-2 Nsp16/10 Heterodimer in Complex with (m7GpppA2m)pUpUpApApA (Cap-1), S-Adenosyl-L-homocysteine (SAH) and two Magnesium (Mg) ions.",1.78, A:C,A,300,298,C,7,4,SARS-CoV-2  Nsp16/10 Heterodimer,Severe acute respiratory syndrome coronavirus 2,mRNA  capping,Severe acute respiratory syndrome coronavirus 2,7C2I,Crystal structure of nsp16-nsp10 heterodimer from SARS-CoV-2 in complex with SAM (with additional SAM during crystallization),2.5,A,A,305,298,2'-O-methyltransferase,Severe acute respiratory syndrome coronavirus 2,,,,,,,,
7V4G,D,R,UB,yes,Crystal structure of human ALKBH5 in complex with m6A-containing ssRNA,2.1, A:D,A,220,205,D,8,4,H. sapiens RNA demethylase ALKBH5,Homo sapiens,m6A-containing  ssRNA,synthetic construct,4O61,Structure of human ALKBH5 crystallized in the presence of citrate,1.9,A,A,222,205,RNA demethylase ALKBH5,Homo sapiens,,,,,,,,
7VSJ,D,R,UB,no,Crystal structure of MmIMP3-RRM12 in complex with 9-mer RNA,2.38, A:B,A,162,150,B,9,4,M. Musculus MmIMP3-RRM12,Mus musculus,mRNA,synthetic construct,6FQ1,Crystal structure of the RRM12 domain of IMP3,1.31,A,A,170,150,Insulin-like growth factor 2 mRNA-binding protein 3,Homo sapiens,,,,,,,,
7VKI,D,R,UB,yes,ESRP1 qRRM2 in complex with 12mer-RNA,1.65, A:B,A,119,108,B,12,3,H. Sapiens ESRP1 Qrrm2,Homo sapiens,mRNA,synthetic construct,2DHA,Solution structure of the second RNA recognition motif in Hypothetical protein FLJ201171,NMR,A,A,123,108,FLJ20171 protein,Homo sapiens,,,,,,,,
7VKL,D,R,UB,no,Crystal structure of MmIMP3-KH12 in complex with zipcode RNA,1.95, A:B,A,164,157,B,8,8,M. Musculus MmIMP3-KH12,Mus musculus,zipcode  RNA,synthetic construct,6GQE,X-ray structure of KH1-2 domain of IMP3,2.15,A,A,168,157,Insulin-like growth factor 2 mRNA-binding protein 3,Homo sapiens,,,,,,,,
7Y7Q,D,R,UB,no,"QDE-1 in complex with RNA template, RNA primer and 3'-dGTP",2.05,  AB:CED,AB,1026+1026,910+897,CED,14+14+7,10+6+7,N. Crasa QDE-1,Neurospora crassa,synthetic  RNA,synthetic construct,2J7N,Structure of the RNAi polymerase from Neurospora crassa,2.3,AB,AB,1022+1022,910+897,RNA-DEPENDENT RNA POLYMERASE,Neurospora crassa,,,,,,,,
8DZK,D,R,UB,no,Dbr1 in complex with 5-mer cleavage product,2.1,A:F,A,356,349,F,5,4,E. Histolytica Dbr1,Entamoeba histolytica,bRNAs,synthetic construct,5K71,apo Dbr1,2.57,A,A,356,349,"RNA lariat debranching enzyme, putative",Entamoeba histolytica,,,,,,,,
8EDJ,D,F,UB,yes,Crystal structure of rA3G-ssRNA-GA,1.83, A:R,A,386,358,R,10,6,M. mulatta APOBEC3G,Macaca mulatta,RA3G-ssRNA-GA,synthetic construct,6P3X,Crystal Structure of Full Length APOBEC3G E/Q (pH 7.0),2.402,A,A,386,358,"Apolipoprotein B mRNA editing enzyme, catalytic peptide-like 3G",Macaca mulatta,,,,,,,,
8AXF,D,F,UB,yes,Crystal structure of FMV N bound to 42-mer ssRNA,2.54,  ABCD:Q,ABCD,315+315+315+315,256+255+261+259,Q,42,42,E. Fici nucleocapsid protein,Emaravirus fici,ssRNA,synthetic construct,8AX4,Crystal structure of FMV N in its RNA-free form,2.28,ABCD,ABCD,315,256+255+261+259,Nucleocapsid protein,Emaravirus fici,,,,,,,,
8TG4,D,R,UB,no,"tRNA 2'-phosphotransferase (Tpt1) from Aeropyrum pernix in complex with ADP-ribose-2""-phosphate and 2'-OH RNA",1.37, A:C,A,206,182,C,5,3,A. pernix Tpt1,Aeropyrum pernix,2'-OH  RNA,synthetic construct,8TG3,"tRNA 2'-phosphotransferase (Tpt1) from Aeropyrum pernix in complex with ADP-ribose-1"" -phosphate",1.47,A,A,206,182,Probable RNA 2'-phosphotransferase,Aeropyrum pernix,,,,,,,,
2ZM5,A,,BU,no,Crystal structure of tRNA modification enzyme MiaA in the complex with tRNA(Phe),2.55, A:C,A,316,306,C,76,73,E. coli iso-pent-enyl-transferase,Escherichia coli K-12,tRNA-Phe,Escherichia coli K-12,,,,,,,,,,3L0U,The crystal structure of unmodified tRNAPhe from Escherichia coli,3,A,76,17,Unmodified tRNAPhe,Escherichia coli K-12
3ZJT,A,,BU,no,"Ternary complex of E.coli leucyl-tRNA synthetase, tRNA(Leu)574 and the benzoxaborole AN3017 in the editing conformation",2.2, A:B,A,880,820,B,88,65,E. coli leucyl-tRNA synthetase,Escherichia coli,tRNA-Leu,Escherichia coli K-12,,,,,,,,,,2NQP*,Crystal structure of pseudoudirinde synthase TruA in complex with leucyl tRNA,3.5,F,87,34,transfer RNA,
6AAX,B,,BU,yes,Crystal structure of TFB1M and h45 with SAM in homo sapiens,2.994, A:B,A,319,290,B,28,18,H. sapiens Mitochondrial transcription factor B1,Homo sapiens,12s  rRNA,Homo sapiens,,,,,,,,,,6AAS,Solution Structure for helix 45 in 3' end of 12S rRNA,NMR,A,28,18,RNA (28-MER),Homo sapiens
1HQ1,C,,BU,yes,STRUCTURAL AND ENERGETIC ANALYSIS OF RNA RECOGNITION BY A UNIVERSALLY CONSERVED PROTEIN FROM THE SIGNAL RECOGNITION PARTICLE,1.52, A:B,A,105,76,B,49,43,E. coli SRP,Escherichia coli,4.5S  RNA domain IV,,,,,,,,,,,1DUH,CRYSTAL STRUCTURE OF THE CONSERVED DOMAIN IV OF E. COLI 4.5S RNA,2.7,A,45,43,4.5S RNA DOMAIN IV,
1JID,C,,BU,no,Human SRP19 in complex with helix 6 of Human SRP RNA,1.8, A:B,A,128,114,B,29,28,H. sapiens SRP19,Homo sapiens,SRP  RNA,,,,,,,,,,,1D4R,29-mer fragment of human srp rna helix 6,2,A,29,28,29-MER OF MODIFIED SRP RNA HELIX 6,
2PJP,C,,BU,yes,Structure of the mRNA-binding domain of elongation factor SelB from E.coli in complex with SECIS RNA,2.3, A:B,A,121,121,B,23,23,E. coli SelB,Escherichia coli,SECIS  RNA,,,,,,,,,,,1MFK,Structure of Prokaryotic SECIS mRNA Hairpin,NMR,A,23,23,5'-R(P*GP*GP*CP*GP*GP*UP*UP*GP*CP*AP*GP*GP*UP*CP*UP*GP*CP*AP*CP*CP*GP*CP*C)-3',
3BT7,C,,BU,yes,Structure of E. coli 5-Methyluridine Methyltransferase TrmA in complex with 19 nucleotide T-arm analogue,2.43, A:C,A,369,369,C,19,17,E. coli methyltransferase TrmA,Escherichia coli,T-arm  analogue,synthetic construct,,,,,,,,,,1EVV,CRYSTAL STRUCTURE OF YEAST PHENYLALANINE TRANSFER RNA AT 2.0 A RESOLUTION,2,A,76,17,PHENYLALANINE TRANSFER RNA,Saccharomyces
6HTU,C,,BU,yes,Structure of hStau1 dsRBD3-4 in complex with ARF1 RNA,2.888,  ABC:DF,ABC,182+182+182,76+76+65,DF,19+19,9+9,H. sapiens hStau1 dsRBD3-4,Homo sapiens,ARF1  RNA,Homo sapiens,,,,,,,,,,6HU6,Structure of ARF1 RNA,1.904,AE,19+19,9+9,RNA (19-MER),Homo sapiens
1LNG,D,,BU,no,Crystal Structure of the SRP19-7S.S SRP RNA Complex of M. jannaschii,2.3, A:B,A,87,87,B,97,97,M. jannaschii SRP19,Methanocaldococcus jannaschii,7S SRP  RNA,Methanocaldococcus jannaschii,,,,,,,,,,1Z43,Crystal structure of 7S.S SRP RNA of M. jannaschii,2.6,A,101,97,RNA (101-MER),
2I82,D,,BU,no,Crystal structure of pseudouridine synthase RluA: indirect sequence readout through protein-induced RNA structure,2.05, A:E,A,217,217,E,21,17,E. coli pseudouridine synthase RluA,Escherichia coli,tRNA-Phe,,,,,,,,,,,3L0U,The crystal structure of unmodified tRNAPhe from Escherichia coli,3,A,76,17,Unmodified tRNAPhe,Escherichia coli K-12
